name,group
YAL001C,0
YAL002W,1
YAL003W,2
YAL004W,3
YAL005C,3
YAL007C,4
YAL009W,5
YAL010C,6
YAL011W,7
YAL012W,8
YAL013W,7
YAL015C,9
YAL016W,10
YAL017W,11
YAL018C,12
YAL019W,13
YAL020C,14
YAL021C,15
YAL022C,16
YAL023C,4
YAL025C,17
YAL026C,10
YAL027W,6
YAL028W,18
YAL029C,19
YAL030W,20
YAL031C,21
YAL033W,22
YAL034W-A,4
YAL035C-A,23
YAL035W,17
YAL036C,9
YAL037W,24
YAL038W,25
YAL039C,26
YAL040C,20
YAL041W,6
YAL042W,22
YAL043C,27
YAL044C,28
YAL045C,29
YAL046C,9
YAL049C,30
YAL051W,31
YAL053W,32
YAL054C,33
YAL055W,34
YAL056W,35
YAL059W,17
YAL060W,21
YAL062W,36
YAL063C,37
YAL064W,38
YAL065C,39
YAL067C,40
YAL068C,41
YAR003W,42
YAR007C,43
YAR008W,44
YAR009C,25
YAR010C,45
YAR014C,13
YAR015W,46
YAR018C,47
YAR019C,48
YAR020C,49
YAR030C,50
YAR031W,51
YAR035W,52
YAR044W,15
YAR052C,53
YAR053W,54
YAR060C,55
YAR061W,56
YAR064W,57
YAR066W,58
YAR069C,59
YAR070C,60
YAR071W,61
YAR073W,17
YAR075W,62
YBL001C,3
YBL002W,63
YBL003C,63
YBL004W,64
YBL005W,65
YBL006C,7
YBL008W,66
YBL009W,67
YBL010C,68
YBL014C,69
YBL015W,70
YBL016W,71
YBL018C,72
YBL023C,73
YBL024W,17
YBL025W,74
YBL026W,75
YBL027W,25
YBL028C,76
YBL030C,77
YBL031W,78
YBL032W,79
YBL034C,80
YBL035C,81
YBL036C,17
YBL037W,82
YBL038W,83
YBL039C,84
YBL040C,85
YBL041W,86
YBL042C,6
YBL043W,87
YBL046W,80
YBL048W,88
YBL049W,89
YBL050W,83
YBL052C,79
YBL053W,90
YBL054W,72
YBL056W,35
YBL057C,22
YBL061C,17
YBL062W,85
YBL063W,91
YBL064C,92
YBL065W,93
YBL066C,94
YBL068W,41
YBL069W,95
YBL071C,96
YBL072C,97
YBL075C,37
YBL076C,98
YBL077W,20
YBL078C,21
YBL079W,99
YBL080C,100
YBL081W,101
YBL083C,102
YBL084C,103
YBL087C,97
YBL088C,104
YBL089W,56
YBL090W,105
YBL092W,2
YBL093C,22
YBL095W,100
YBL096C,106
YBL097W,107
YBL101C,34
YBL101W-A,108
YBL103C,109
YBL109W,110
YBL111C,111
YBL112C,57
YBL113C,57
YBR001C,48
YBR002C,59
YBR003W,112
YBR004C,113
YBR005W,114
YBR006W,51
YBR009C,115
YBR010W,116
YBR011C,4
YBR012W-A,45
YBR020W,117
YBR021W,56
YBR022W,118
YBR023C,41
YBR024W,119
YBR025C,120
YBR026C,121
YBR028C,122
YBR029C,123
YBR031W,115
YBR032W,124
YBR034C,8
YBR035C,83
YBR036C,125
YBR037C,112
YBR038W,126
YBR046C,127
YBR047W,128
YBR048W,129
YBR050C,130
YBR051W,131
YBR052C,132
YBR053C,132
YBR054W,133
YBR055C,134
YBR056W,112
YBR060C,5
YBR061C,69
YBR063C,95
YBR064W,95
YBR065C,95
YBR066C,114
YBR067C,135
YBR070C,136
YBR071W,137
YBR072W,138
YBR073W,139
YBR075W,71
YBR076W,140
YBR078W,141
YBR079C,142
YBR081C,143
YBR082C,144
YBR083W,145
YBR084C-A,25
YBR084W,84
YBR085W,146
YBR087W,147
YBR088C,148
YBR089W,148
YBR090C,149
YBR092C,150
YBR093C,61
YBR094W,27
YBR096W,15
YBR099C,151
YBR100W,152
YBR101C,153
YBR102C,154
YBR105C,155
YBR106W,156
YBR107C,157
YBR108W,71
YBR109C,8
YBR110W,158
YBR111C,28
YBR112C,99
YBR113W,159
YBR114W,160
YBR116C,161
YBR118W,162
YBR120C,83
YBR121C,8
YBR122C,105
YBR123C,100
YBR124W,35
YBR126C,163
YBR127C,2
YBR133C,79
YBR137W,164
YBR138C,165
YBR139W,166
YBR140C,167
YBR142W,168
YBR143C,8
YBR145W,169
YBR147W,170
YBR152W,79
YBR153W,118
YBR154C,8
YBR155W,104
YBR156C,171
YBR157C,172
YBR158W,173
YBR160W,80
YBR161W,174
YBR162C,175
YBR162W-A,129
YBR164C,176
YBR168W,177
YBR169C,178
YBR171W,13
YBR172C,75
YBR173C,26
YBR174C,158
YBR176W,179
YBR180W,180
YBR181C,25
YBR182C,181
YBR183W,182
YBR184W,146
YBR187W,183
YBR188C,184
YBR189W,97
YBR190W,185
YBR191W,115
YBR195C,13
YBR196C,20
YBR197C,186
YBR198C,99
YBR200W,187
YBR201W,31
YBR202W,73
YBR205W,188
YBR206W,116
YBR208C,189
YBR210W,113
YBR213W,131
YBR214W,121
YBR216C,190
YBR218C,191
YBR220C,113
YBR223C,192
YBR228W,193
YBR229C,194
YBR230C,33
YBR231C,29
YBR233W,41
YBR237W,172
YBR238C,195
YBR240C,196
YBR243C,197
YBR244W,83
YBR245C,53
YBR250W,198
YBR257W,181
YBR258C,74
YBR262C,199
YBR263W,41
YBR266C,200
YBR267W,201
YBR268W,202
YBR269C,11
YBR270C,146
YBR272C,74
YBR275C,4
YBR279W,203
YBR283C,8
YBR284W,164
YBR285W,130
YBR289W,204
YBR290W,205
YBR292C,206
YBR293W,207
YBR295W,100
YBR296C,208
YBR297W,209
YBR298C,210
YBR299W,211
YBR302C,176
YCL002C,200
YCL003W,212
YCL007C,116
YCL008C,213
YCL011C,214
YCL012W,215
YCL013W,154
YCL014W,216
YCL016C,217
YCL018W,218
YCL019W,25
YCL020W,108
YCL021W,65
YCL022C,219
YCL024W,219
YCL025C,87
YCL026C-A,220
YCL027W,221
YCL030C,218
YCL031C,222
YCL032W,118
YCL033C,92
YCL034W,223
YCL038C,47
YCL040W,132
YCL041C,224
YCL042W,121
YCL046W,225
YCL047C,119
YCL048W,226
YCL052C,213
YCL053C,110
YCL054W,200
YCL055W,227
YCL056C,228
YCL057W,229
YCL058C,96
YCL059C,100
YCL060C,230
YCL061C,230
YCL063W,106
YCL066W,231
YCL073C,138
YCLX01W,104
YCLX06C,232
YCLX09W,87
YCLX10C,191
YCLX11W,191
YCLX12W,109
YCR001W,31
YCR005C,233
YCR007C,65
YCR008W,234
YCR011C,235
YCR012W,115
YCR013C,236
YCR014C,100
YCR015C,237
YCR018C,238
YCR021C,239
YCR022C,240
YCR024C,241
YCR025C,146
YCR028C,213
YCR029C,242
YCR031C,115
YCR032W,243
YCR034W,183
YCR036W,100
YCR037C,244
YCR038C,245
YCR041W,231
YCR042C,187
YCR043C,246
YCR044C,235
YCR047C,201
YCR049C,99
YCR051W,247
YCR056W,248
YCR057C,249
YCR058C,249
YCR059C,96
YCR060W,250
YCR061W,251
YCR062W,241
YCR063W,252
YCR065W,253
YCR066W,186
YCR072C,193
YCR073C,254
YCR074C,255
YCR075C,256
YCR079W,257
YCR081W,217
YCR083W,135
YCR085W,258
YCR086W,258
YCR087W,96
YCR090C,199
YCR091W,259
YCR094W,95
YCR096C,260
YCR098C,261
YCR099C,87
YCR102C,11
YCR107W,195
YCRX07W,157
YCRX15W,262
YCRX16C,96
YDL002C,213
YDL003W,263
YDL004W,264
YDL006W,265
YDL008W,228
YDL009C,266
YDL010W,230
YDL011C,230
YDL012C,267
YDL013W,268
YDL018C,81
YDL021W,269
YDL022W,30
YDL023C,30
YDL025C,270
YDL027C,271
YDL030W,272
YDL031W,96
YDL034W,262
YDL035C,257
YDL038C,273
YDL039C,273
YDL042C,36
YDL043C,231
YDL045C,48
YDL047W,57
YDL048C,114
YDL051W,274
YDL055C,275
YDL057W,269
YDL058W,99
YDL059C,276
YDL061C,277
YDL062W,103
YDL063C,103
YDL069C,74
YDL070W,118
YDL071C,278
YDL075W,115
YDL076C,272
YDL077C,167
YDL079C,279
YDL081C,280
YDL082W,281
YDL083C,280
YDL086W,282
YDL092W,8
YDL093W,147
YDL096C,283
YDL098C,153
YDL099W,284
YDL102W,285
YDL103C,286
YDL105W,287
YDL109C,288
YDL110C,132
YDL113C,289
YDL116W,290
YDL118W,55
YDL119C,11
YDL124W,291
YDL127W,81
YDL129W,292
YDL130W,2
YDL136W,280
YDL140C,293
YDL141W,67
YDL142C,241
YDL143W,176
YDL146W,294
YDL150W,200
YDL151C,295
YDL152W,272
YDL153C,296
YDL154W,188
YDL156W,43
YDL157C,297
YDL158C,297
YDL160C,298
YDL164C,43
YDL166C,299
YDL167C,222
YDL168W,157
YDL169C,26
YDL174C,300
YDL175C,217
YDL179W,301
YDL181W,302
YDL182W,303
YDL186W,304
YDL187C,305
YDL189W,306
YDL191W,162
YDL192W,156
YDL197C,307
YDL198C,308
YDL199C,309
YDL202W,310
YDL204W,311
YDL205C,312
YDL206W,179
YDL208W,303
YDL210W,313
YDL211C,314
YDL215C,315
YDL216C,123
YDL219W,275
YDL221W,316
YDL222C,317
YDL227C,318
YDL228C,115
YDL229W,162
YDL230W,319
YDL231C,320
YDL232W,293
YDL233W,71
YDL234C,74
YDL239C,1
YDL240W,321
YDL242W,155
YDL243C,322
YDL244W,322
YDL245C,118
YDL246C,269
YDL247W,323
YDL248W,167
YDR004W,42
YDR006C,201
YDR009W,60
YDR011W,324
YDR012W,281
YDR013W,325
YDR014W,111
YDR016C,326
YDR017C,200
YDR018C,327
YDR019C,235
YDR020C,272
YDR022C,239
YDR025W,281
YDR029W,312
YDR033W,328
YDR035W,191
YDR038C,329
YDR039C,329
YDR042C,124
YDR044W,240
YDR045C,62
YDR046C,330
YDR048C,331
YDR050C,332
YDR055W,301
YDR057W,333
YDR058C,138
YDR059C,18
YDR060W,334
YDR064W,332
YDR065W,335
YDR070C,336
YDR071C,120
YDR074W,11
YDR076W,217
YDR079W,337
YDR080W,190
YDR082W,207
YDR083W,222
YDR085C,338
YDR091C,339
YDR094W,62
YDR097C,148
YDR098C,340
YDR103W,341
YDR104C,341
YDR105C,170
YDR108W,188
YDR109C,342
YDR111C,78
YDR112W,147
YDR113C,343
YDR114C,344
YDR116C,310
YDR118W,217
YDR120C,320
YDR121W,345
YDR122W,346
YDR126W,347
YDR130C,348
YDR132C,190
YDR133C,116
YDR134C,275
YDR141C,349
YDR142C,217
YDR143C,350
YDR146C,351
YDR148C,352
YDR149C,154
YDR150W,203
YDR151C,217
YDR152W,353
YDR154C,354
YDR155C,354
YDR156W,355
YDR157W,96
YDR158W,191
YDR160W,296
YDR162C,356
YDR165W,357
YDR168W,309
YDR169C,152
YDR170C,358
YDR171W,359
YDR172W,62
YDR173C,360
YDR178W,270
YDR180W,361
YDR181C,217
YDR183W,285
YDR184C,193
YDR185C,342
YDR187C,84
YDR188W,362
YDR191W,172
YDR193W,167
YDR194C,363
YDR195W,272
YDR197W,363
YDR198C,190
YDR202C,364
YDR203W,365
YDR204W,300
YDR206W,366
YDR207C,367
YDR210W,293
YDR211W,345
YDR212W,175
YDR213W,362
YDR214W,178
YDR216W,368
YDR218C,54
YDR219C,369
YDR222W,370
YDR223W,371
YDR224C,275
YDR225W,275
YDR227W,348
YDR230W,372
YDR231C,309
YDR234W,320
YDR235W,188
YDR236C,333
YDR240C,237
YDR241W,123
YDR244W,373
YDR246W,374
YDR247W,171
YDR249C,375
YDR252W,376
YDR253C,276
YDR254W,369
YDR255C,348
YDR256C,130
YDR257C,315
YDR258C,291
YDR259C,237
YDR260C,342
YDR262W,333
YDR263C,377
YDR270W,364
YDR271C,378
YDR272W,273
YDR273W,379
YDR274C,380
YDR275W,207
YDR276C,381
YDR277C,209
YDR279W,314
YDR281C,382
YDR282C,294
YDR284C,383
YDR286C,384
YDR287W,385
YDR288W,375
YDR289C,386
YDR294C,270
YDR295C,186
YDR296W,387
YDR297W,362
YDR299W,207
YDR300C,375
YDR301W,388
YDR302W,386
YDR305C,372
YDR309C,389
YDR311W,217
YDR312W,296
YDR313C,217
YDR314C,390
YDR316W,100
YDR321W,391
YDR322W,392
YDR323C,393
YDR324C,320
YDR325W,394
YDR326C,394
YDR327W,381
YDR329C,79
YDR330W,309
YDR331W,283
YDR336W,217
YDR337W,202
YDR338C,319
YDR339C,222
YDR342C,395
YDR343C,395
YDR345C,57
YDR347W,392
YDR350C,373
YDR351W,188
YDR352W,345
YDR353W,156
YDR356W,314
YDR357C,396
YDR358W,397
YDR361C,398
YDR362C,399
YDR363W,400
YDR364C,375
YDR365C,222
YDR366C,401
YDR369C,402
YDR371W,356
YDR373W,403
YDR374C,379
YDR375C,404
YDR378C,222
YDR379W,333
YDR380W,235
YDR381W,405
YDR382W,236
YDR383C,270
YDR384C,130
YDR385W,280
YDR386W,370
YDR387C,217
YDR388W,284
YDR389W,394
YDR390C,367
YDR391C,336
YDR392W,342
YDR394W,352
YDR400W,391
YDR401W,379
YDR403W,406
YDR405W,407
YDR409W,408
YDR411C,368
YDR413C,292
YDR414C,217
YDR415C,409
YDR416W,315
YDR417C,156
YDR418W,156
YDR419W,322
YDR421W,364
YDR423C,410
YDR424C,411
YDR425W,372
YDR428C,412
YDR430C,392
YDR432W,191
YDR433W,405
YDR435C,309
YDR436W,271
YDR438W,408
YDR440W,413
YDR441C,414
YDR443C,415
YDR444W,416
YDR447C,280
YDR448W,417
YDR449C,353
YDR450W,280
YDR451C,418
YDR453C,379
YDR456W,419
YDR457W,191
YDR461W,60
YDR464W,420
YDR465C,421
YDR466W,409
YDR469W,386
YDR470C,333
YDR471W,280
YDR473C,217
YDR476C,385
YDR477W,394
YDR478W,386
YDR479C,422
YDR485C,423
YDR487C,337
YDR488C,424
YDR489W,361
YDR490C,407
YDR491C,414
YDR492W,401
YDR493W,425
YDR494W,387
YDR495C,344
YDR499W,423
YDR500C,280
YDR501W,391
YDR503C,81
YDR504C,426
YDR505C,308
YDR506C,427
YDR507C,266
YDR511W,428
YDR512C,337
YDR513W,337
YDR514C,375
YDR516C,429
YDR517W,430
YDR518W,426
YDR519W,120
YDR521W,170
YDR523C,323
YDR524C,306
YDR525W,381
YDR526C,409
YDR527W,409
YDR528W,285
YDR529C,156
YDR530C,367
YDR531W,381
YDR532C,431
YDR537C,432
YDR538W,432
YDR539W,419
YDR540C,433
YDR541C,360
YDR542W,426
YDR543C,292
YDR544C,388
YDR545W,280
YEL003W,434
YEL004W,300
YEL005C,198
YEL006W,435
YEL007W,436
YEL011W,437
YEL015W,103
YEL016C,438
YEL017W,439
YEL018W,416
YEL021W,440
YEL023C,441
YEL024W,442
YEL025C,166
YEL026W,443
YEL032W,187
YEL034W,444
YEL037C,445
YEL039C,446
YEL042W,434
YEL043W,447
YEL046C,19
YEL047C,448
YEL048C,110
YEL051W,445
YEL052W,191
YEL053C,449
YEL055C,450
YEL056W,451
YEL057C,140
YEL061C,452
YEL062W,453
YEL064C,377
YEL065W,454
YEL070W,198
YEL072W,455
YEL073C,3
YEL074W,140
YEL076C,456
YEL077C,457
YER001W,343
YER003C,78
YER005W,304
YER007W,458
YER009W,459
YER011W,460
YER012W,451
YER014W,40
YER016W,78
YER017C,461
YER018C,46
YER019W,462
YER020W,463
YER022W,464
YER028C,465
YER032W,254
YER033C,466
YER034W,298
YER042W,467
YER047C,258
YER053C,446
YER054C,359
YER056C,445
YER058W,378
YER060W,285
YER062C,221
YER064C,203
YER065C,468
YER067W,169
YER068W,469
YER069W,418
YER070W,263
YER071C,470
YER074W,471
YER075C,472
YER079W,446
YER081W,240
YER082C,473
YER083C,464
YER084W,474
YER093C,473
YER095W,475
YER096W,476
YER099C,477
YER102W,478
YER103W,479
YER104W,456
YER105C,473
YER107C,450
YER111C,68
YER113C,66
YER114C,106
YER117W,471
YER118C,480
YER119C,481
YER121W,14
YER123W,268
YER124C,482
YER128W,483
YER129W,469
YER131W,484
YER132C,485
YER137C,151
YER138C,486
YER139C,231
YER140W,203
YER141W,182
YER142C,121
YER143W,461
YER147C,487
YER148W,488
YER150W,489
YER152C,490
YER155C,473
YER160C,486
YER166W,69
YER168C,415
YER170W,491
YER171W,357
YER172C,440
YER174C,492
YER175C,493
YER179W,494
YER187W,495
YER188W,496
YER189W,13
YER190W,68
YFL001W,497
YFL005W,214
YFL006W,498
YFL007W,103
YFL008W,44
YFL014W,221
YFL016C,428
YFL018C,499
YFL022C,416
YFL030W,500
YFL032W,140
YFL036W,400
YFL039C,501
YFL043C,502
YFL044C,291
YFL048C,451
YFL054C,396
YFL056C,503
YFL057C,3
YFL058W,93
YFL059W,36
YFL060C,138
YFL064C,42
YFL065C,42
YFL067W,504
YFR003C,18
YFR008W,481
YFR015C,395
YFR017C,257
YFR019W,195
YFR020W,505
YFR023W,140
YFR024C,31
YFR026C,36
YFR027W,136
YFR030W,467
YFR032C,151
YFR035C,247
YFR041C,506
YFR053C,507
YFR055W,493
YFR056C,493
YGL006W,397
YGL010W,130
YGL013C,508
YGL016W,509
YGL021W,165
YGL025C,140
YGL028C,510
YGL032C,511
YGL037C,512
YGL039W,140
YGL053W,513
YGL055W,93
YGL060W,514
YGL061C,208
YGL062W,515
YGL063W,155
YGL075C,307
YGL081W,146
YGL085W,516
YGL088W,135
YGL089C,28
YGL090W,202
YGL093W,343
YGL096W,14
YGL099W,124
YGL101W,141
YGL102C,444
YGL104C,517
YGL106W,113
YGL112C,518
YGL116W,126
YGL117W,382
YGL121C,65
YGL125W,519
YGL126W,520
YGL127C,521
YGL128C,522
YGL129C,453
YGL130W,492
YGL131C,523
YGL141W,524
YGL144C,525
YGL151W,365
YGL155W,190
YGL156W,526
YGL160W,0
YGL166W,140
YGL170C,527
YGL179C,224
YGL181W,528
YGL184C,529
YGL187C,87
YGL188C,28
YGL196W,239
YGL197W,530
YGL201C,73
YGL204C,54
YGL208W,268
YGL209W,154
YGL211W,217
YGL214W,415
YGL218W,177
YGL219C,241
YGL227W,531
YGL229C,532
YGL230C,533
YGL232W,534
YGL234W,240
YGL236C,245
YGL246C,535
YGL248W,536
YGL249W,489
YGL250W,294
YGL255W,165
YGL262W,537
YGR002C,415
YGR008C,300
YGR010W,538
YGR014W,343
YGR019W,502
YGR023W,539
YGR029W,407
YGR032W,211
YGR035C,324
YGR039W,65
YGR041W,540
YGR042W,42
YGR043C,161
YGR044C,301
YGR049W,257
YGR053C,121
YGR055W,330
YGR058W,94
YGR065C,271
YGR068C,192
YGR070W,170
YGR082W,250
YGR083C,541
YGR088W,251
YGR089W,298
YGR090W,542
YGR092W,126
YGR098C,292
YGR099W,197
YGR100W,536
YGR104C,255
YGR105W,543
YGR108W,544
YGR109C,81
YGR112W,344
YGR113W,545
YGR114C,546
YGR118W,444
YGR122W,196
YGR129W,294
YGR131W,211
YGR138C,522
YGR140W,462
YGR142W,547
YGR143W,548
YGR146C,489
YGR149W,271
YGR150C,311
YGR151C,136
YGR152C,44
YGR153W,297
YGR154C,549
YGR159C,214
YGR162W,542
YGR164W,550
YGR169C,551
YGR180C,549
YGR187C,306
YGR188C,208
YGR189C,287
YGR190C,552
YGR194C,553
YGR197C,492
YGR200C,320
YGR206W,534
YGR207C,554
YGR212W,279
YGR214W,555
YGR216C,207
YGR221C,496
YGR230W,556
YGR238C,307
YGR239C,557
YGR243W,395
YGR245C,200
YGR249W,558
YGR259C,552
YGR263C,479
YGR265W,559
YGR268C,560
YGR271W,489
YGR275W,297
YGR286C,305
YGR288W,435
YGR289C,307
YHL001W,478
YHL007C,561
YHL013C,448
YHL017W,562
YHL021C,428
YHL023C,560
YHL024W,563
YHL026C,556
YHL028W,165
YHL035C,515
YHL036W,564
YHL039W,565
YHL042W,558
YHL043W,160
YHL044W,566
YHL049C,78
YHR001W,192
YHR002W,271
YHR004C,567
YHR005C,133
YHR009C,557
YHR012W,549
YHR013C,565
YHR014W,151
YHR015W,568
YHR016C,569
YHR018C,454
YHR022C,570
YHR023W,126
YHR029C,571
YHR031C,56
YHR037W,572
YHR039C,573
YHR041C,487
YHR044C,574
YHR048W,379
YHR049C-A,28
YHR050W,514
YHR061C,314
YHR062C,306
YHR067W,311
YHR069C,188
YHR073W,575
YHR079C,229
YHR086W,576
YHR092C,577
YHR094C,30
YHR097C,40
YHR099W,541
YHR101C,323
YHR102W,436
YHR104W,311
YHR110W,81
YHR111W,578
YHR112C,269
YHR113W,521
YHR123W,537
YHR129C,545
YHR136C,191
YHR137W,235
YHR141C,280
YHR143W,482
YHR147C,427
YHR151C,126
YHR153C,43
YHR154W,475
YHR157W,88
YHR159W,496
YHR160C,269
YHR161C,48
YHR171W,368
YHR172W,462
YHR173C,362
YHR177W,579
YHR178W,223
YHR180W,311
YHR186C,565
YHR191C,504
YHR192W,580
YHR201C,177
YHR202W,239
YHR209W,79
YHR210C,581
YHR214C-B,486
YHR214W,506
YHR215W,61
YHR218W,111
YIL003W,565
YIL004C,541
YIL006W,582
YIL007C,245
YIL009W,583
YIL011W,584
YIL013C,94
YIL015C-A,288
YIL015W,206
YIL016W,565
YIL019W,585
YIL022W,229
YIL026C,307
YIL027C,565
YIL032C,495
YIL041W,586
YIL045W,185
YIL055C,587
YIL068C,588
YIL069C,97
YIL086C,589
YIL087C,590
YIL089W,591
YIL092W,117
YIL093C,592
YIL097W,252
YIL100W,533
YIL105C,554
YIL106W,126
YIL107C,522
YIL111W,583
YIL113W,591
YIL117C,241
YIL119C,593
YIL120W,261
YIL121W,170
YIL122W,544
YIL124W,311
YIL125W,594
YIL131C,254
YIL132C,448
YIL136W,11
YIL140W,491
YIL144W,200
YIL145C,541
YIL146C,595
YIL150C,312
YIL153W,305
YIL155C,463
YIL156W,596
YIL157C,597
YIL158W,351
YIL159W,4
YIL162W,252
YIL163C,598
YIL167W,599
YIL169C,254
YIL170W,524
YIL171W,38
YIL172C,38
YIL177C,219
YIR006C,597
YIR007W,146
YIR015W,600
YIR017C,467
YIR018W,601
YIR026C,193
YIR029W,356
YIR031C,601
YIR032C,602
YIR033W,305
YIR039C,481
YIR042C,390
YIR043C,361
YJL001W,592
YJL003W,603
YJL009W,588
YJL010C,604
YJL011C,420
YJL015C,311
YJL017W,51
YJL018W,430
YJL019W,157
YJL020C,605
YJL022W,606
YJL023C,361
YJL033W,585
YJL035C,249
YJL036W,607
YJL037W,211
YJL038C,140
YJL039C,188
YJL044C,608
YJL045W,533
YJL046W,552
YJL049W,554
YJL050W,541
YJL051W,609
YJL052W,221
YJL053W,399
YJL059W,596
YJL060W,223
YJL062W,586
YJL063C,592
YJL066C,481
YJL067W,610
YJL069C,306
YJL071W,611
YJL073W,463
YJL074C,148
YJL075C,588
YJL076W,561
YJL077C,561
YJL078C,510
YJL079C,187
YJL081C,344
YJL082W,11
YJL083W,349
YJL084C,612
YJL085W,613
YJL087C,361
YJL088W,333
YJL089W,458
YJL091C,614
YJL092W,615
YJL096W,616
YJL097W,617
YJL099W,90
YJL100W,410
YJL101C,618
YJL102W,252
YJL103C,192
YJL105W,106
YJL106W,348
YJL107C,605
YJL108C,619
YJL111W,620
YJL113W,216
YJL114W,621
YJL115W,614
YJL116C,551
YJL118W,314
YJL127C,415
YJL128C,622
YJL131C,623
YJL132W,241
YJL136C,624
YJL137C,203
YJL140W,625
YJL141C,626
YJL142C,627
YJL144W,563
YJL147C,123
YJL151C,628
YJL152W,629
YJL155C,630
YJL157C,242
YJL158C,631
YJL161W,632
YJL163C,182
YJL164C,182
YJL165C,625
YJL171C,83
YJL172W,633
YJL173C,253
YJL176C,107
YJL177W,624
YJL181W,263
YJL187C,253
YJL188C,634
YJL189W,624
YJL190C,624
YJL191W,635
YJL192C,636
YJL194W,194
YJL195C,194
YJL196C,81
YJL201W,637
YJL202C,638
YJL206C,639
YJL209W,640
YJL210W,383
YJL211C,278
YJL212C,641
YJL213W,382
YJL214W,642
YJL218W,622
YJL219W,643
YJL221C,644
YJL225C,645
YJR002W,585
YJR004C,646
YJR006W,622
YJR008W,647
YJR009C,648
YJR010W,467
YJR015W,638
YJR016C,649
YJR017C,625
YJR019C,636
YJR025C,382
YJR026W,646
YJR027W,650
YJR028W,646
YJR029W,651
YJR030C,614
YJR033C,594
YJR036C,652
YJR039W,582
YJR043C,147
YJR047C,52
YJR048W,454
YJR050W,638
YJR052W,535
YJR055W,622
YJR066W,353
YJR072C,653
YJR073C,24
YJR075W,654
YJR077C,655
YJR078W,54
YJR079W,618
YJR080C,560
YJR091C,582
YJR092W,593
YJR093C,622
YJR094C,89
YJR094W-A,656
YJR095W,14
YJR096W,92
YJR098C,383
YJR099W,657
YJR105W,625
YJR107W,647
YJR109C,308
YJR110W,369
YJR112W,91
YJR115W,658
YJR116W,249
YJR117W,653
YJR118C,618
YJR119C,288
YJR120W,636
YJR123W,659
YJR126C,660
YJR127C,204
YJR129C,625
YJR131W,192
YJR132W,272
YJR137C,467
YJR139C,620
YJR142W,640
YJR145C,651
YJR146W,611
YJR148W,661
YJR149W,513
YJR150C,52
YJR151C,582
YJR155W,136
YJR156C,639
YJR157W,455
YJR158W,662
YJR159W,626
YJR160C,516
YJR162C,117
YKL001C,467
YKL006C-A,473
YKL006W,663
YKL008C,278
YKL016C,655
YKL017C,640
YKL018W,271
YKL020C,636
YKL026C,664
YKL027W,654
YKL029C,665
YKL030W,629
YKL031W,146
YKL032C,334
YKL033W,207
YKL036C,666
YKL037W,667
YKL042W,266
YKL043W,166
YKL044W,141
YKL045W,668
YKL046C,669
YKL050C,670
YKL055C,671
YKL056C,672
YKL057C,350
YKL059C,290
YKL060C,656
YKL066W,673
YKL067W,674
YKL068W,675
YKL076C,676
YKL078W,677
YKL086W,476
YKL087C,640
YKL089W,456
YKL091C,627
YKL092C,159
YKL095W,195
YKL096W,678
YKL096W-A,624
YKL100C,289
YKL101W,679
YKL102C,680
YKL103C,507
YKL105C,249
YKL107W,93
YKL108W,391
YKL109W,584
YKL112W,256
YKL113C,491
YKL115C,681
YKL116C,682
YKL118W,516
YKL121W,553
YKL123W,683
YKL127W,174
YKL129C,684
YKL133C,685
YKL134C,423
YKL139W,686
YKL143W,357
YKL144C,516
YKL146W,614
YKL147C,687
YKL150W,688
YKL151C,428
YKL152C,555
YKL153W,634
YKL154W,689
YKL156W,624
YKL158W,605
YKL161C,573
YKL163W,570
YKL164C,690
YKL166C,195
YKL169C,691
YKL171W,207
YKL173W,95
YKL177W,633
YKL178C,28
YKL180W,624
YKL182W,614
YKL185W,682
YKL187C,213
YKL190W,692
YKL191W,628
YKL192C,693
YKL194C,515
YKL197C,1
YKL201C,657
YKL204W,640
YKL205W,350
YKL219W,694
YKL222C,103
YKL223W,430
YKL225W,695
YKR002W,673
YKR003W,30
YKR004C,696
YKR005C,135
YKR007W,653
YKR009C,132
YKR010C,615
YKR012C,697
YKR013W,307
YKR020W,698
YKR021W,699
YKR031C,700
YKR039W,189
YKR040C,258
YKR041W,258
YKR045C,677
YKR049C,3
YKR051W,701
YKR054C,243
YKR056W,677
YKR057W,672
YKR060W,702
YKR062W,524
YKR067W,703
YKR069W,467
YKR072C,675
YKR073C,371
YKR075C,209
YKR076W,704
YKR077W,81
YKR079C,705
YKR084C,698
YKR086W,618
YKR088C,686
YKR090W,706
YKR091W,330
YKR093W,242
YKR094C,707
YKR095W,700
YKR096W,640
YKR097W,639
YKR098C,536
YKR102W,190
YKR104W,708
YKR106W,161
YLL002W,413
YLL004W,19
YLL006W,699
YLL008W,709
YLL010C,710
YLL013C,605
YLL016W,558
YLL018C,101
YLL020C,660
YLL021W,78
YLL022C,44
YLL024C,221
YLL025W,436
YLL026W,711
YLL028W,712
YLL034C,103
YLL039C,428
YLL040C,310
YLL041C,338
YLL043W,106
YLL045C,676
YLL047W,304
YLL052C,190
YLL053C,660
YLL054C,259
YLL057C,639
YLL058W,644
YLL059C,40
YLL061W,713
YLL062C,713
YLL066C,645
YLL067C,672
YLR001C,693
YLR002C,702
YLR005W,109
YLR007W,714
YLR010C,715
YLR012C,716
YLR014C,231
YLR023C,210
YLR024C,213
YLR025W,640
YLR029C,656
YLR030W,128
YLR031W,644
YLR032W,717
YLR035C,640
YLR039C,640
YLR041W,694
YLR045C,91
YLR048W,484
YLR049C,690
YLR051C,718
YLR052W,473
YLR053C,472
YLR054C,3
YLR055C,608
YLR058C,326
YLR060W,719
YLR062C,672
YLR063W,675
YLR065C,136
YLR068W,709
YLR070C,121
YLR072W,121
YLR075W,672
YLR076C,634
YLR079W,301
YLR080W,610
YLR081W,720
YLR086W,19
YLR087C,103
YLR088W,677
YLR089C,618
YLR092W,40
YLR095C,637
YLR096W,721
YLR098C,153
YLR099C,582
YLR101C,145
YLR103C,44
YLR107W,644
YLR108C,701
YLR109W,221
YLR110C,624
YLR111W,722
YLR114C,686
YLR119W,346
YLR121C,723
YLR123C,323
YLR126C,128
YLR127C,632
YLR128W,647
YLR131C,724
YLR133W,427
YLR134W,725
YLR136C,726
YLR137W,472
YLR138W,6
YLR140W,683
YLR141W,577
YLR142W,410
YLR145W,620
YLR146C,193
YLR149C,127
YLR150W,659
YLR151C,128
YLR152C,727
YLR158C,728
YLR159W,729
YLR161W,729
YLR166C,730
YLR167W,555
YLR168C,410
YLR169W,678
YLR170C,678
YLR171W,454
YLR175W,672
YLR176C,37
YLR177W,731
YLR178C,732
YLR183C,266
YLR184W,733
YLR185W,672
YLR186W,585
YLR187W,734
YLR190W,126
YLR191W,109
YLR192C,735
YLR194C,316
YLR197W,620
YLR198C,459
YLR200W,736
YLR205C,507
YLR207W,51
YLR209C,278
YLR211C,664
YLR212C,148
YLR215C,477
YLR216C,3
YLR217W,24
YLR218C,688
YLR219W,576
YLR220W,730
YLR222C,193
YLR223C,36
YLR227C,315
YLR228C,146
YLR229C,278
YLR231C,515
YLR232W,58
YLR233C,325
YLR234W,737
YLR236C,737
YLR243W,738
YLR248W,739
YLR249W,740
YLR250W,741
YLR251W,711
YLR252W,291
YLR253W,694
YLR254C,187
YLR256W,658
YLR258W,11
YLR260W,731
YLR261C,467
YLR262C,641
YLR265C,693
YLR266C,261
YLR267W,598
YLR270W,427
YLR273C,172
YLR274W,172
YLR275W,742
YLR277C,195
YLR279W,633
YLR281C,626
YLR282C,516
YLR283W,109
YLR286C,482
YLR287C,686
YLR291C,616
YLR293C,501
YLR294C,316
YLR297W,548
YLR298C,195
YLR300W,175
YLR304C,189
YLR305C,604
YLR306W,632
YLR312C,547
YLR313C,743
YLR317W,604
YLR318W,628
YLR319C,654
YLR320W,207
YLR324W,536
YLR325C,707
YLR326W,430
YLR327C,744
YLR331C,376
YLR333C,676
YLR334C,54
YLR338W,710
YLR339C,745
YLR340W,740
YLR343W,305
YLR344W,663
YLR345W,746
YLR346C,610
YLR352W,311
YLR353W,724
YLR355C,624
YLR358C,312
YLR364W,742
YLR367W,96
YLR369W,608
YLR374C,503
YLR376C,743
YLR380W,747
YLR381W,723
YLR382C,748
YLR383W,253
YLR384C,749
YLR386W,307
YLR388W,740
YLR392C,582
YLR395C,302
YLR400W,742
YLR401C,193
YLR406C,624
YLR408C,18
YLR411W,178
YLR413W,750
YLR414C,673
YLR415C,751
YLR420W,290
YLR425W,417
YLR426W,752
YLR428C,613
YLR430W,753
YLR432W,754
YLR434C,272
YLR437C,254
YLR438W,94
YLR439W,752
YLR441C,672
YLR444C,589
YLR445W,258
YLR448W,656
YLR450W,755
YLR451W,756
YLR452C,757
YLR453C,315
YLR454W,691
YLR455W,348
YLR457C,748
YLR462W,103
YLR465C,190
YLR467W,645
YML008C,484
YML009C,741
YML010W,103
YML012W,676
YML013C-A,758
YML019W,730
YML021C,307
YML024W,676
YML026C,659
YML027W,263
YML030W,682
YML031W,414
YML032C,223
YML033W,165
YML034W,165
YML035C,575
YML037C,722
YML038C,265
YML039W,650
YML040W,646
YML042W,664
YML045W,650
YML046W,315
YML052W,351
YML053C,362
YML054C,664
YML055W,759
YML056C,760
YML058C-A,619
YML059C,761
YML060W,4
YML061C,325
YML063W,707
YML064C,556
YML065W,641
YML066C,184
YML068W,762
YML073C,656
YML074C,624
YML077W,756
YML078W,763
YML080W,110
YML081W,477
YML082W,753
YML083C,683
YML090W,145
YML091C,730
YML093W,677
YML094W,693
YML095C,207
YML096W,109
YML100W,507
YML101C,745
YML102C-A,764
YML102W,764
YML103C,753
YML104C,19
YML105C,110
YML109W,637
YML114C,765
YML115C,353
YML117W,264
YML119W,16
YML120C,338
YML122C,221
YML128C,291
YML130C,300
YML131W,591
YML133C,645
YMR001C,165
YMR003W,254
YMR006C,343
YMR007W,499
YMR008C,187
YMR009W,528
YMR011W,457
YMR017W,36
YMR018W,184
YMR021C,766
YMR022W,135
YMR023C,153
YMR024W,767
YMR025W,294
YMR030W,728
YMR031C,712
YMR032W,16
YMR033W,350
YMR034C,300
YMR035W,470
YMR036C,290
YMR040W,610
YMR042W,110
YMR044W,741
YMR045C,650
YMR046C,153
YMR048W,81
YMR049C,738
YMR050C,650
YMR053C,184
YMR055C,369
YMR056C,467
YMR058W,454
YMR059W,575
YMR062C,235
YMR066W,754
YMR069W,249
YMR070W,106
YMR072W,433
YMR073C,170
YMR074C,768
YMR075C-A,589
YMR076C,253
YMR078C,44
YMR079W,443
YMR080C,101
YMR081C,528
YMR086C-A,202
YMR086W,433
YMR090W,741
YMR091C,769
YMR092C,603
YMR093W,110
YMR095C,757
YMR096W,549
YMR097C,758
YMR098C,767
YMR103C,703
YMR104C,241
YMR105C,664
YMR106C,770
YMR108W,700
YMR109W,433
YMR110C,311
YMR111C,628
YMR112C,575
YMR116C,484
YMR117C,497
YMR119W,344
YMR121C,676
YMR122C,320
YMR123W,290
YMR128W,124
YMR129W,721
YMR130W,213
YMR131C,101
YMR132C,400
YMR133W,621
YMR134W,302
YMR136W,665
YMR139W,730
YMR141C,771
YMR143W,624
YMR144W,78
YMR145C,189
YMR146C,191
YMR147W,754
YMR152W,682
YMR153C-A,741
YMR154C,205
YMR156C,153
YMR158W,772
YMR160W,461
YMR161W,721
YMR162C,598
YMR163C,376
YMR166C,346
YMR167W,767
YMR169C,446
YMR170C,178
YMR171C,109
YMR172C-A,772
YMR172W,773
YMR173W,304
YMR174C,300
YMR176W,612
YMR177W,307
YMR178W,575
YMR179W,81
YMR181C,658
YMR183C,254
YMR184W,752
YMR185W,759
YMR186W,470
YMR188C,682
YMR189W,235
YMR190C,90
YMR191W,560
YMR193C-A,227
YMR194W,624
YMR195W,145
YMR196W,127
YMR198W,203
YMR199W,377
YMR200W,604
YMR201C,427
YMR202W,656
YMR207C,772
YMR208W,763
YMR209C,772
YMR211W,736
YMR212C,243
YMR213W,766
YMR215W,254
YMR217W,501
YMR222C,755
YMR223W,243
YMR225C,693
YMR226C,316
YMR228W,772
YMR230W,645
YMR231W,87
YMR232W,396
YMR233W,202
YMR234W,341
YMR235C,774
YMR236W,775
YMR242C,661
YMR244C-A,65
YMR246W,380
YMR250W,127
YMR251W,300
YMR253C,311
YMR254C,712
YMR255W,775
YMR262W,521
YMR263W,776
YMR265C,244
YMR268C,777
YMR269W,778
YMR270C,319
YMR271C,526
YMR273C,13
YMR274C,779
YMR278W,252
YMR279C,259
YMR281W,210
YMR284W,15
YMR286W,780
YMR290C,781
YMR290W-A,782
YMR291W,351
YMR294W,783
YMR295C,784
YMR299C,785
YMR303C,786
YMR305C,208
YMR306C-A,90
YMR306W,355
YMR308C,124
YMR312W,567
YMR316C-A,787
YMR316W,539
YMR317W,72
YMR320W,305
YMR325W,180
YNL004W,788
YNL007C,789
YNL009W,344
YNL011C,790
YNL012W,791
YNL013C,792
YNL014W,322
YNL015W,482
YNL016W,191
YNL019C,90
YNL021W,289
YNL029C,598
YNL030W,793
YNL031C,793
YNL033W,90
YNL034W,794
YNL035C,399
YNL037C,182
YNL038W,441
YNL041C,783
YNL042W,777
YNL043C,784
YNL046W,301
YNL047C,795
YNL049C,244
YNL051W,530
YNL053W,106
YNL056W,775
YNL057W,796
YNL058C,796
YNL063W,521
YNL065W,304
YNL067W,797
YNL071W,798
YNL072W,456
YNL073W,633
YNL078W,682
YNL079C,799
YNL082W,81
YNL083W,633
YNL084C,775
YNL087W,220
YNL088W,159
YNL092W,770
YNL094W,177
YNL096C,799
YNL097C,800
YNL101W,782
YNL102W,136
YNL106C,288
YNL110C,450
YNL111C,242
YNL112W,629
YNL113W,267
YNL114C,671
YNL115C,801
YNL124W,250
YNL126W,197
YNL132W,759
YNL133C,802
YNL134C,512
YNL136W,775
YNL140C,216
YNL142W,235
YNL144C,803
YNL146W,364
YNL147W,8
YNL148C,804
YNL149C,116
YNL150W,805
YNL152W,806
YNL154C,807
YNL156C,594
YNL160W,187
YNL162W,808
YNL163C,718
YNL164C,809
YNL170W,670
YNL171C,215
YNL172W,216
YNL173C,132
YNL175C,810
YNL176C,223
YNL179C,677
YNL184C,811
YNL186W,784
YNL191W,204
YNL192W,805
YNL193W,210
YNL194C,437
YNL195C,305
YNL196C,470
YNL197C,141
YNL198C,188
YNL199C,800
YNL200C,282
YNL201C,95
YNL203C,812
YNL209W,501
YNL210W,470
YNL211C,606
YNL215W,340
YNL217W,813
YNL218W,786
YNL219C,143
YNL220W,751
YNL223W,158
YNL227C,753
YNL230C,51
YNL231C,814
YNL233W,286
YNL234W,244
YNL237W,502
YNL241C,264
YNL242W,591
YNL243W,807
YNL251C,124
YNL252C,815
YNL255C,799
YNL258C,816
YNL263C,286
YNL266W,817
YNL269W,379
YNL270C,54
YNL273W,44
YNL274C,311
YNL276C,330
YNL277W,467
YNL278W,818
YNL279W,408
YNL281W,819
YNL285W,89
YNL289W,263
YNL290W,820
YNL294C,783
YNL299W,69
YNL300W,253
YNL301C,501
YNL302C,821
YNL303W,44
YNL304W,822
YNL305C,251
YNL306W,823
YNL309W,81
YNL310C,286
YNL312W,266
YNL313C,4
YNL314W,824
YNL325C,786
YNL327W,301
YNL328C,780
YNL329C,802
YNL333W,36
YNL335W,537
YNL336W,804
YNL339C,798
YNR001C,21
YNR002C,563
YNR003C,357
YNR004W,95
YNR006W,825
YNR009W,91
YNR013C,826
YNR014W,155
YNR018W,498
YNR019W,189
YNR022C,780
YNR032W,806
YNR034W,1
YNR036C,815
YNR038W,103
YNR039C,315
YNR042W,229
YNR044W,36
YNR046W,827
YNR049C,776
YNR051C,828
YNR053C,637
YNR058W,776
YNR060W,470
YNR062C,824
YNR063W,94
YNR065C,795
YNR067C,173
YNR068C,621
YNR071C,206
YNR073C,458
YNR077C,274
YOL002C,380
YOL007C,266
YOL009C,811
YOL010W,773
YOL011W,4
YOL012C,91
YOL013C,447
YOL014W,609
YOL016C,829
YOL017W,219
YOL021C,134
YOL022C,400
YOL023W,182
YOL026C,780
YOL027C,609
YOL028C,400
YOL031C,88
YOL032W,746
YOL036W,340
YOL038W,815
YOL039W,798
YOL040C,798
YOL041C,64
YOL042W,830
YOL044W,403
YOL046C,710
YOL047C,683
YOL048C,21
YOL049W,823
YOL050C,388
YOL052C-A,610
YOL054W,81
YOL055C,88
YOL058W,831
YOL059W,189
YOL060C,539
YOL063C,640
YOL064C,308
YOL065C,15
YOL069W,832
YOL070C,796
YOL071W,425
YOL073C,127
YOL077C,355
YOL079W,195
YOL080C,193
YOL081W,781
YOL082W,335
YOL083W,732
YOL090W,148
YOL091W,138
YOL093W,440
YOL096C,21
YOL100W,825
YOL101C,380
YOL104C,65
YOL105C,103
YOL106W,417
YOL107W,30
YOL108C,783
YOL113W,351
YOL114C,254
YOL117W,770
YOL118C,102
YOL119C,833
YOL123W,136
YOL124C,124
YOL126C,170
YOL127W,808
YOL130W,195
YOL134C,579
YOL138C,498
YOL139C,471
YOL140W,228
YOL141W,13
YOL143C,815
YOL144W,69
YOL145C,388
YOL146W,681
YOL147C,834
YOL150C,189
YOL151W,233
YOL152W,346
YOL153C,30
YOL154W,135
YOL155C,314
YOL156W,300
YOL158C,571
YOL159C,791
YOL160W,835
YOL161C,151
YOL162W,835
YOL163W,447
YOL164W,776
YOL165C,813
YOR001W,4
YOR003W,30
YOR005C,88
YOR006C,400
YOR012W,399
YOR025W,836
YOR026W,822
YOR027W,789
YOR032C,682
YOR036W,289
YOR040W,789
YOR041C,257
YOR042W,837
YOR049C,289
YOR050C,838
YOR053W,791
YOR054C,340
YOR056C,472
YOR058C,609
YOR061W,358
YOR065W,688
YOR066W,172
YOR071C,681
YOR072W,839
YOR073W,254
YOR074C,266
YOR075W,834
YOR077W,505
YOR078W,450
YOR084W,159
YOR087W,0
YOR089C,840
YOR091W,777
YOR094W,568
YOR098C,201
YOR102W,784
YOR103C,805
YOR104W,836
YOR107W,838
YOR109W,773
YOR114W,737
YOR120W,359
YOR121C,359
YOR123C,788
YOR127W,105
YOR132W,841
YOR134W,502
YOR135C,233
YOR136W,282
YOR140W,837
YOR142W,100
YOR144C,286
YOR145C,759
YOR152C,684
YOR153W,678
YOR156C,839
YOR160W,195
YOR163W,284
YOR167C,842
YOR172W,376
YOR173W,481
YOR175C,107
YOR177C,29
YOR178C,244
YOR180C,508
YOR181W,843
YOR185C,789
YOR188W,171
YOR189W,837
YOR190W,151
YOR191W,403
YOR195W,314
YOR199W,574
YOR201C,783
YOR203W,235
YOR205C,826
YOR206W,781
YOR218C,817
YOR219C,779
YOR220W,627
YOR224C,844
YOR229W,548
YOR234C,707
YOR236W,780
YOR237W,465
YOR242C,845
YOR247W,175
YOR248W,175
YOR252W,784
YOR254C,846
YOR264W,173
YOR265W,595
YOR267C,847
YOR269W,74
YOR272W,272
YOR273C,712
YOR279C,848
YOR282W,838
YOR283W,817
YOR284W,287
YOR289W,789
YOR290C,800
YOR292C,257
YOR293W,478
YOR297C,816
YOR300W,184
YOR302W,718
YOR304W,595
YOR306C,849
YOR309C,624
YOR312C,471
YOR313C,850
YOR314W,850
YOR315W,165
YOR317W,233
YOR318C,248
YOR321W,841
YOR327C,253
YOR330C,204
YOR333C,364
YOR338W,140
YOR339C,89
YOR341W,784
YOR342C,3
YOR345C,579
YOR347C,570
YOR352W,157
YOR356W,269
YOR357C,182
YOR358W,178
YOR362C,815
YOR364W,579
YOR365C,562
YOR368W,809
YOR369C,797
YOR371C,782
YOR373W,159
YOR374W,33
YOR377W,465
YOR378W,54
YOR379C,845
YOR383C,370
YOR384W,441
YOR385W,114
YOR386W,259
YOR387C,699
YOR389W,718
YOR394W,851
YPL002C,244
YPL003W,268
YPL004C,688
YPL005W,712
YPL006W,852
YPL007C,391
YPL008W,848
YPL009C,340
YPL013C,844
YPL014W,496
YPL016W,107
YPL020C,788
YPL026C,530
YPL029W,852
YPL031C,688
YPL035C,751
YPL037C,501
YPL041C,248
YPL042C,644
YPL044C,103
YPL047W,776
YPL052W,853
YPL054W,522
YPL056C,854
YPL057C,230
YPL058C,166
YPL061W,189
YPL067C,855
YPL068C,244
YPL074W,856
YPL076W,790
YPL077C,340
YPL081W,459
YPL085W,201
YPL086C,353
YPL087W,425
YPL090C,797
YPL092W,782
YPL094C,857
YPL098C,595
YPL100W,856
YPL101W,249
YPL103C,311
YPL113C,468
YPL114W,257
YPL115C,834
YPL116W,258
YPL123C,623
YPL124W,159
YPL126W,353
YPL127C,63
YPL129W,848
YPL132W,294
YPL133C,856
YPL134C,596
YPL140C,376
YPL141C,154
YPL142C,797
YPL143W,478
YPL145C,853
YPL146C,858
YPL148C,140
YPL150W,803
YPL152W,521
YPL153C,136
YPL155C,154
YPL158C,682
YPL159C,751
YPL162C,147
YPL163C,266
YPL164C,644
YPL165C,517
YPL166W,825
YPL172C,859
YPL173W,859
YPL174C,99
YPL180W,843
YPL183C,375
YPL186C,336
YPL187W,661
YPL188W,508
YPL191C,259
YPL192C,155
YPL194W,3
YPL198W,501
YPL199C,827
YPL203W,572
YPL204W,776
YPL205C,103
YPL208W,668
YPL209C,637
YPL211W,858
YPL212C,827
YPL222W,12
YPL223C,849
YPL224C,562
YPL226W,450
YPL228W,100
YPL229W,776
YPL230W,731
YPL231W,240
YPL232W,286
YPL236C,356
YPL240C,789
YPL241C,266
YPL242C,215
YPL247C,12
YPL248C,140
YPL249C,1
YPL250C,831
YPL255W,822
YPL256C,266
YPL257W,681
YPL258C,520
YPL263C,468
YPL264C,276
YPL265W,233
YPL267W,43
YPL268W,201
YPL269W,418
YPL272C,52
YPL274W,441
YPL282C,244
YPL283C,860
YPR001W,435
YPR002W,34
YPR003C,530
YPR005C,40
YPR006C,857
YPR007C,140
YPR011C,572
YPR014C,546
YPR015C,305
YPR017C,421
YPR018W,861
YPR019W,47
YPR020W,862
YPR026W,359
YPR027C,562
YPR028W,708
YPR040W,59
YPR043W,478
YPR044C,797
YPR045C,862
YPR046W,581
YPR047W,572
YPR049C,311
YPR051W,134
YPR052C,116
YPR053C,807
YPR055W,180
YPR056W,751
YPR061C,562
YPR063C,848
YPR064W,93
YPR065W,410
YPR066W,782
YPR068C,791
YPR069C,805
YPR070W,838
YPR071W,245
YPR073C,244
YPR075C,784
YPR077C,140
YPR078C,59
YPR079W,245
YPR081C,164
YPR083W,779
YPR084W,803
YPR088C,776
YPR090W,803
YPR094W,857
YPR095C,265
YPR097W,283
YPR102C,478
YPR104C,781
YPR106W,314
YPR107C,403
YPR112C,759
YPR113W,815
YPR115W,834
YPR119W,215
YPR120C,717
YPR121W,857
YPR122W,803
YPR123C,863
YPR124W,359
YPR125W,754
YPR128C,782
YPR129W,59
YPR130C,805
YPR131C,244
YPR134W,11
YPR135W,391
YPR136C,295
YPR137W,200
YPR141C,46
YPR142C,671
YPR148C,775
YPR149W,189
YPR150W,479
YPR151C,178
YPR156C,546
YPR157W,126
YPR158W,829
YPR160W,132
YPR163C,61
YPR167C,418
YPR168W,402
YPR170C,159
YPR173C,815
YPR174C,286
YPR175W,717
YPR176C,681
YPR182W,792
YPR184W,211
YPR185W,841
YPR194C,28
YPR197C,5
YPR200C,315
YPR202W,525
YPR203W,846
YPR204W,860
