source,target
216,1415
2851,487
2547,588
808,2617
2616,2878
2108,2005
280,141
634,678
1136,813
2864,1149
1429,1526
923,2790
1948,1518
1504,826
1931,1591
2163,2731
461,2558
2022,2055
60,86
2324,2239
2490,2599
1146,2471
2040,1270
2515,2252
664,583
1726,1871
1803,1653
2450,2397
2600,869
2505,2494
1540,588
1168,1753
2780,2246
1112,1129
624,2582
1328,2342
913,973
2020,1687
2512,1669
281,1850
754,710
1728,2115
1002,941
401,626
2377,2383
458,189
1118,607
2330,2510
1225,2660
2480,2155
2836,2252
115,566
1914,1733
2178,2115
1936,1970
972,1109
2344,591
890,899
1056,1600
148,981
2824,2766
1553,1389
2443,2245
114,2106
2264,1462
2412,2358
297,2838
1344,1249
997,1726
2048,2683
685,2535
2805,630
1824,2169
831,815
1315,1230
1888,1475
2203,1103
925,1749
2432,2159
1456,2167
1682,324
885,734
697,1916
1232,92
2403,2509
2823,2415
1881,891
720,21
995,247
1489,1879
1280,1065
2253,2615
2762,2611
1258,1663
1659,695
2211,2462
250,434
368,913
826,644
137,562
316,527
258,2314
2281,2746
1560,2266
1937,615
172,156
1393,2650
752,653
2254,2214
2629,406
714,2694
1316,1687
488,824
2572,149
106,254
457,365
1323,1094
157,470
2684,1589
1057,1058
1739,1095
2362,2228
536,1376
2486,1446
657,290
993,974
321,651
1547,2357
524,1158
2473,1394
2628,2710
682,115
2009,2137
1776,1922
2484,2302
2007,1927
2664,796
1048,199
2678,479
2032,2106
752,692
191,79
97,205
2252,1269
2837,559
1435,1629
1366,1326
273,2809
747,559
2280,2750
1099,1381
1243,1526
2696,2711
794,598
233,1471
579,1542
430,607
2762,2518
2244,2439
746,2242
1938,2182
673,2209
288,1805
242,298
139,462
368,1594
1339,956
489,585
1370,124
273,109
801,2473
2136,1970
1148,1014
1486,1438
288,1233
13,319
1651,39
2033,87
1812,1693
2304,2356
1904,1931
945,2669
41,380
952,914
2234,703
2694,2463
1645,1973
868,1997
2394,2188
573,799
1186,980
1560,2288
2323,1023
1816,2178
2739,477
1365,2687
265,230
113,214
746,1235
1264,310
25,35
899,823
2164,1679
1391,1199
2739,542
2553,675
1608,2709
737,2047
1941,1886
2846,2142
2336,2432
2836,2253
57,1021
1629,1805
1344,2134
1594,2218
1355,1295
116,238
589,454
313,2654
104,2352
608,790
51,1908
120,36
642,835
128,79
56,1039
392,2
93,1126
2818,2659
1056,2024
2754,2843
2571,365
364,231
816,587
2642,2635
1206,1134
1992,1507
1112,673
1552,2033
2625,1244
2496,2393
1649,111
2794,38
933,1845
1208,537
1922,2730
1168,625
333,623
2208,2316
1142,1727
204,367
152,1101
1504,1538
1138,1030
1457,2271
2196,2255
1017,2482
674,2867
1458,47
2355,1109
2849,2718
1420,287
330,610
1971,1055
962,925
761,953
2064,433
1749,1998
505,1876
1649,893
1660,2767
750,879
2477,1926
1440,1389
1788,1838
1273,699
1008,1632
1890,1539
778,637
2176,1818
1292,2223
1644,1637
530,2141
988,396
1632,369
1650,1651
901,2653
443,2823
2844,2022
2651,2596
56,2727
737,1439
1668,1973
2389,1150
1836,1910
760,2048
121,27
1924,1806
763,620
1800,2180
1601,1316
2427,2445
1372,103
1881,1965
2721,2292
1088,1234
114,1189
2121,1581
123,1190
1377,2745
1089,2862
980,2087
1836,1943
1812,1565
1373,231
1456,1607
257,142
1967,1647
1569,1739
968,1025
848,2698
810,1434
1739,1494
729,659
1556,1815
2268,2196
1958,1367
2128,2178
928,967
154,94
338,2773
1366,350
1385,1482
2171,1886
1769,2181
712,849
1224,2159
1021,1183
34,270
520,2077
2763,861
1642,1717
2793,2772
1964,740
2323,2558
2033,1467
2618,2666
1339,791
2866,859
915,2467
1417,1630
117,245
1290,1666
2304,2644
508,518
1946,2114
1411,2063
116,110
2081,1405
9,97
819,1308
958,782
169,2851
675,183
2656,1451
594,2019
1612,1829
81,1219
288,2053
384,346
2014,670
296,1102
1851,707
739,607
177,2114
1208,2459
1439,1151
429,1414
1273,581
2483,253
1305,2846
1848,124
929,2011
1752,385
892,311
2163,183
1320,1013
1033,767
2650,684
80,141
1675,2004
1153,1235
569,470
2127,831
1859,1790
10,86
2119,927
1328,1337
229,470
1937,1318
1060,446
654,223
2691,2436
1450,1814
1966,550
2098,2054
1390,1391
2147,1347
643,455
2739,2575
434,519
1088,1161
1232,2660
635,780
832,574
1693,1838
2154,2191
1563,220
1875,2151
586,870
1278,438
378,994
1672,1545
2099,1895
1240,1274
288,2400
2771,2494
113,2727
794,710
394,367
944,2413
2720,2631
424,776
2016,1953
1944,1199
2210,2542
1459,1575
980,214
649,1277
1578,1907
2374,2511
2843,2615
2171,939
1546,943
61,15
1169,1276
381,869
1369,1593
717,2470
874,763
1152,754
2138,2498
2026,2371
1433,118
2258,813
2218,332
1883,1327
2040,1923
138,2759
1224,1213
2517,423
2705,1052
156,350
1719,1231
2291,390
2520,1814
176,163
2335,175
827,838
1825,1755
1456,1499
1414,942
298,293
2600,2686
1953,2045
2363,2399
2002,1710
2354,1407
568,514
317,2461
2453,2295
1707,1791
2776,525
240,110
1592,1633
2641,2444
700,981
1747,2023
2467,916
1955,1191
2859,654
2677,1494
1025,899
2235,1892
834,821
1864,577
977,943
2576,483
1816,663
281,2116
1565,1622
1267,791
224,1214
617,1394
200,2481
459,173
926,199
265,1087
2314,327
36,422
986,455
1873,1122
2339,2687
1065,2835
208,642
2037,726
1283,351
889,787
81,381
1661,1927
2170,1870
817,612
2123,2133
1289,109
2677,2247
1265,458
2039,431
1378,2175
2425,615
2740,895
1293,2589
137,229
2500,199
2302,1279
2417,1979
2659,2829
1784,367
2598,263
2697,2726
795,2443
376,375
1112,1377
1001,1179
1388,2637
1616,1393
911,111
840,885
2499,2317
1539,1499
2000,2179
99,2653
300,469
2600,2856
1193,499
2057,1983
2153,1951
2323,1615
425,317
2044,732
979,2871
1977,2097
122,915
1210,1381
832,77
2268,2821
139,1716
1544,1564
2137,2758
2077,1951
1746,1539
1274,2263
456,2776
1483,2405
273,118
139,1955
2457,2636
980,87
909,917
626,1730
2208,2803
629,734
1368,2357
2643,2797
2064,153
2275,2223
1692,703
944,1353
2699,1485
2275,2847
1196,2758
49,2126
168,73
1240,1190
121,93
2560,2123
2680,2718
2665,2812
2432,871
2803,1301
2017,1757
304,155
1058,1228
1434,1597
1320,1185
1344,709
2080,2090
352,2256
1400,1210
648,209
2137,1786
45,303
1509,839
2362,822
699,715
1188,2389
1352,743
990,974
904,934
1656,1900
1521,2033
644,1509
792,677
714,1042
2065,2130
988,2119
1372,989
1584,1581
234,482
1944,801
2632,1532
251,605
1698,2239
210,588
731,852
1673,188
1827,2565
313,2761
920,1584
861,615
1468,309
1688,1959
1894,1519
1753,1790
620,1317
2505,2507
459,295
1169,983
1297,674
1872,708
697,389
749,583
2097,2805
1145,662
1838,2151
82,2389
1098,1826
1940,2126
938,12
2382,2295
908,965
976,922
1498,1445
2299,2475
248,2606
120,117
1707,1662
475,295
2848,2799
1512,2630
1248,2503
2364,1676
2315,471
1460,2773
117,118
1760,1514
204,92
1996,639
2576,894
1250,669
2280,1582
681,732
424,730
2760,2562
1299,1327
2657,2399
307,1172
2856,2211
1401,1199
1089,1839
608,864
449,262
93,62
2436,2437
2837,2286
2132,1557
2451,2660
1974,1870
1084,2421
1057,1011
456,2068
2099,1691
1531,1767
1450,2483
723,1086
992,1254
960,1150
681,333
2078,2415
2026,2266
2723,2276
1259,2558
1020,2135
1491,2167
108,239
1917,2807
2504,2252
2832,571
459,2499
2160,697
1107,581
2522,2396
1097,1087
793,2737
177,2563
776,1421
1484,1597
44,239
147,476
682,2039
298,1013
403,2179
139,2479
687,503
1243,388
80,5
345,517
216,215
798,2543
2802,2671
1154,2188
947,2029
2420,2871
1242,2226
2868,413
2858,2565
2224,2223
1107,1141
2429,2502
1617,2813
2155,2021
2261,2429
1546,878
1666,1748
252,958
42,458
930,2218
691,812
827,787
2041,2738
388,1583
72,504
988,893
1309,1231
953,2382
2720,2409
720,2832
1624,1767
809,2630
2258,2498
883,830
949,1687
2525,2847
601,374
2394,895
1272,853
1923,2846
721,549
2153,1927
41,34
2096,1387
1955,518
1970,1999
89,423
2158,1438
2312,2731
200,2723
620,1397
440,541
558,503
1988,1431
1212,1718
1132,749
1154,2147
793,604
1899,2598
2865,2346
2771,2358
1684,926
1906,2151
228,1863
1802,2853
1989,254
899,1119
2584,1005
2179,2021
721,1850
243,159
1001,1671
2673,2126
328,2131
962,550
1665,2399
2653,2246
112,2157
1547,2277
1035,2791
80,593
2715,1438
1145,2023
2097,427
659,692
475,895
2546,2746
704,713
2784,1207
1227,2455
2064,1329
2128,668
2041,2782
65,98
1384,733
1872,1726
1514,1939
2238,2206
268,61
568,231
1177,2590
512,2158
2609,2588
952,1040
1625,1195
1625,1244
1363,325
257,213
2007,1879
2089,755
2592,1420
1398,1262
1698,2524
1704,210
2734,2718
2091,1871
24,279
1258,1046
944,2649
1250,2454
408,994
788,591
2082,2180
473,2415
2664,1388
2827,2803
1940,1110
2204,15
994,1398
284,134
544,864
1755,1452
1899,1917
1424,1099
2192,183
1453,2047
2059,1679
1332,1399
905,1019
201,2026
1057,1527
690,2314
1018,339
799,559
404,2405
74,75
2369,1195
179,605
1002,2610
261,1358
1984,1963
705,558
993,1302
2069,95
2813,1070
2720,235
2009,2118
2563,2286
788,1773
1052,1501
2365,1743
1762,124
953,996
1825,1638
458,243
297,383
2259,535
112,352
1644,2263
85,2631
922,934
2169,543
2464,1833
1449,1531
2584,2399
2210,2594
2528,2482
963,2436
2441,943
2720,2766
2426,2563
136,2290
2692,1285
768,460
2516,1357
2200,2652
2373,1183
1962,2010
480,140
1462,1727
362,1906
2121,1483
1976,1071
2748,1591
2665,2651
1696,2466
2584,2109
1785,1699
1849,2181
2728,1627
515,723
915,2670
233,623
1655,367
1240,2730
113,261
1825,1910
2044,278
2214,2118
1664,1577
540,375
1764,1366
1368,1030
1210,2046
2131,2485
1480,1481
2146,2762
1054,991
1077,686
1886,1927
1884,2798
336,651
329,2413
1990,423
2427,2239
2744,2743
1050,1037
162,1386
1200,860
1006,1119
1363,2052
204,198
276,1814
2274,2322
442,2567
2732,2733
1699,1525
2034,2341
1515,622
2761,818
1722,1702
2050,1091
742,2127
64,1049
2489,773
98,274
816,134
2868,471
896,1728
521,1283
2810,2726
1932,1838
2706,606
580,2806
2632,115
2221,1159
985,202
2716,1639
1320,1322
2500,1671
1512,911
1741,1742
1401,1263
67,1804
915,207
723,918
1130,11
598,679
69,22
361,188
1121,759
1881,1181
2844,2053
901,2581
84,1015
2520,1612
1829,735
1828,1829
491,2559
2224,2414
1919,591
2433,2590
904,2086
2323,2559
1770,958
882,724
2545,2692
2208,1266
1186,341
1362,2803
235,2053
296,1088
2291,582
2384,135
1777,1691
2579,2404
1764,1079
702,751
656,2552
882,1180
2747,1191
918,2247
2745,2789
2564,1628
598,695
2844,396
564,677
2133,2143
2400,2701
1380,1375
1384,676
1089,1282
2369,1157
817,1044
1016,979
1216,2318
481,405
2508,1437
2632,85
2681,477
417,2747
1310,2263
2848,2855
849,757
1592,1694
1036,126
586,1877
496,1330
1274,2381
2488,2273
1544,1618
722,1278
2776,2723
1530,1986
848,2153
2313,2746
1120,746
1012,2143
460,173
373,774
872,707
428,1071
1696,2442
1922,1862
170,476
427,1164
1604,972
936,1553
2434,1046
833,2363
841,771
464,174
1749,2061
1844,2013
2181,2134
2817,2849
84,917
2538,1222
1372,1942
2850,1812
2499,630
2720,466
1612,2503
2574,2510
1401,1315
762,619
2081,1047
2451,271
2742,926
1204,1678
624,930
2828,2228
1202,822
1136,2272
860,1807
226,2391
2664,983
1142,575
1136,386
1604,1399
985,1213
2676,415
508,527
2688,1484
2688,2829
1483,622
1019,2487
747,1166
2642,2510
290,694
2728,1613
2024,1781
2075,2149
420,2775
2142,1702
680,588
2626,2398
2857,1140
440,2042
2386,973
2608,2609
2566,1886
1362,1430
968,1181
771,485
2626,2659
2728,1834
1129,1347
288,1127
1200,2293
1384,770
2345,2308
2059,613
2569,2833
1793,2723
1088,503
568,2205
800,1670
2422,2527
2418,2053
2104,486
2264,2411
1780,1764
168,106
1011,166
1041,1055
1216,1027
2872,2231
2314,54
496,2616
336,1971
346,815
1523,599
1307,1349
634,164
1946,1886
347,557
1603,1683
159,135
1296,281
1269,2575
1726,1023
709,2663
1653,1511
315,207
1073,1862
1280,1892
1725,894
2352,89
917,2278
2576,1957
1323,2251
2043,1430
1173,2423
1297,1831
1433,1098
186,1068
82,2709
1533,1598
702,703
304,170
1080,318
257,380
1800,2138
1251,902
2250,532
1410,2093
2843,2827
2669,1471
964,1767
1326,1190
1939,1628
699,2141
1965,2095
1569,1890
1530,1503
1813,623
1809,1026
888,2493
2539,2278
723,2711
1113,2307
1336,1873
2793,2871
2633,2309
48,177
1572,1765
749,559
387,903
280,131
750,1255
2425,351
2834,2431
1673,2655
377,102
1153,299
230,239
2601,2411
1697,1764
569,1095
1604,1045
2244,2678
2822,567
1066,2442
385,1786
1609,1397
1785,1687
656,530
2177,1958
992,2470
1294,1103
1970,668
984,1340
767,303
2597,1463
1048,1242
2816,2217
2122,1636
1637,950
2698,2163
1792,2162
2057,1178
624,2709
1552,1894
1396,2350
1168,723
698,762
1822,1823
2722,2197
1928,2750
156,303
2657,2388
1288,562
1364,1365
1794,1134
312,357
203,499
386,293
2312,2210
769,2708
1054,414
148,1799
2459,2220
1432,1445
832,466
1154,619
249,1398
1691,2251
2592,1226
2248,2602
1520,1531
1810,1756
1275,2372
2122,1829
1348,2373
594,1487
1907,1461
2115,389
322,203
2314,1551
1048,2788
2338,2870
121,37
2385,396
841,749
128,81
1015,15
2426,84
1435,1612
1210,1163
1793,215
1363,1323
2675,982
964,2479
139,1519
377,2254
2112,628
2051,2174
2746,2757
2304,2299
1965,1999
1698,1882
2474,1876
1056,1148
1176,2582
481,562
1068,2631
904,2037
745,814
1228,2694
2057,2255
2172,2021
3,1756
1640,1596
1736,259
2211,2549
2256,2548
1909,1287
113,2003
1555,1501
692,1950
233,286
1209,531
395,1022
369,1663
66,194
921,2353
1512,642
752,673
90,1898
362,1930
1006,991
442,1631
1310,1079
293,1087
620,694
940,2855
2008,2584
877,719
1756,1774
1002,1037
24,2579
676,805
2579,2523
372,301
808,566
600,1042
627,739
460,461
515,2660
8,901
489,490
2580,222
1024,758
561,444
2874,2791
2472,2221
980,1039
772,517
530,675
2159,1951
1947,1599
1745,1605
2681,2703
2655,2207
1691,2134
2440,2222
2587,613
433,774
1944,1043
1147,2308
2345,2370
1124,1399
352,440
480,1008
82,83
784,827
1504,1632
2226,335
2637,1406
2859,975
851,852
2592,1178
321,46
347,59
666,413
320,158
2630,455
2016,947
1556,1861
947,286
587,39
84,959
504,238
1416,1324
1537,2147
2610,1414
2049,1268
704,762
1716,1775
803,430
1217,893
1798,1502
928,976
677,2103
1713,1850
2320,620
1544,1002
2379,2196
27,374
1809,554
1305,2149
2122,2019
1210,1514
1016,974
480,479
2000,2124
117,102
1564,1038
2062,503
337,1187
785,2613
369,516
2270,766
90,306
352,382
1365,2631
258,940
2624,2548
49,2111
2804,2767
1875,2822
2688,1467
1339,2524
2283,135
1043,2523
2274,2607
1235,2508
1713,1621
1626,1788
2163,11
1716,1197
2403,2828
610,2834
1480,2013
1593,2305
730,2703
696,709
2694,2558
1080,1892
757,773
2772,1093
2296,2807
1320,2819
1353,362
2338,2372
248,2090
2072,2310
149,374
806,807
2305,429
1532,1364
251,324
2339,2549
776,651
970,967
2214,2247
2049,223
57,521
2706,1223
1794,1886
43,195
1091,2380
1286,375
1216,2595
1141,2318
2384,1466
612,1359
2707,453
1028,543
496,790
425,949
570,2316
2074,923
1298,1397
1352,1926
2168,1755
2826,2589
2697,2830
30,79
1360,1511
1296,1298
1387,867
2140,965
1504,1518
2426,2115
2475,2773
25,49
120,17
2321,1234
313,204
530,2229
400,455
506,2765
1916,1717
1752,2508
1074,397
481,801
1868,2781
669,671
2482,734
742,503
1389,2334
434,445
2283,502
1976,1914
1419,1958
2216,2254
2537,2495
1961,686
2585,2267
1834,451
2514,638
2388,2469
1995,1605
304,2779
2033,2693
1227,1678
1175,1095
2626,2462
1856,2025
1215,1055
658,567
344,1987
1498,1574
971,2262
2642,2711
1029,1895
1833,2765
158,2799
1507,1509
898,1674
634,339
1569,1567
2293,2663
1809,1750
1360,740
1372,663
2443,902
128,2799
358,1535
2752,1026
1881,1038
692,636
1200,487
362,1107
241,1311
2490,2204
385,1661
1200,1099
1329,2339
731,2519
745,761
2538,403
1091,395
2313,2599
1013,1646
496,60
1778,2066
1921,2863
536,1266
2671,255
1977,51
748,462
1766,446
176,282
1209,1254
1808,1782
2571,1299
546,2054
2297,2849
838,807
240,2568
2172,1845
1267,2492
627,789
2510,2462
2714,1787
2029,1783
496,616
747,711
2089,884
205,213
2051,2094
648,434
1915,1115
2147,2181
2466,2583
2300,1317
1616,2151
1369,195
1265,2474
2643,1622
2580,813
1576,897
2169,2133
1723,2748
1494,702
1990,1702
2166,1759
920,1162
472,1139
2530,655
1013,2783
40,952
2210,2429
592,397
1923,1181
1200,2672
1353,684
2401,1050
1875,119
819,637
2054,1246
2834,2508
1908,2022
1888,156
2386,2303
1548,1479
2846,1159
2810,2818
449,497
786,366
2780,1092
2074,1540
2656,1715
1464,2312
672,450
2238,502
1065,2235
1600,1495
1410,2498
560,843
1969,1934
2162,2279
734,727
1508,1991
2534,1006
981,2575
51,1747
2224,1457
2594,2539
2504,2810
2094,2014
411,724
2318,1919
443,2637
1788,1502
1609,2174
309,238
2475,2214
762,835
2156,2789
349,1143
2109,2543
973,2094
2166,2151
618,2186
593,1219
1506,1067
1320,667
2144,2015
1228,1607
319,23
2739,2230
2612,623
1992,2037
2053,495
2129,2098
472,2660
1424,1464
617,618
372,1262
1978,2236
483,1741
1136,427
2844,2845
2409,500
1345,2535
1196,1164
774,887
1851,2327
2185,883
1914,1846
2872,2830
2200,2543
718,670
120,343
2609,2711
2786,2823
528,1354
2799,2735
1240,1322
2505,2753
2170,1310
386,43
153,1875
2474,2557
748,749
600,1912
696,1118
996,2454
696,2144
2491,2429
1458,1586
66,71
2554,2299
1474,423
2113,1658
1370,1501
234,2868
632,690
1795,1854
460,654
147,2604
2115,1551
1130,2060
2385,1095
2724,343
1808,897
2654,2590
2867,1222
312,374
1111,1079
1476,1575
1073,2317
226,565
1824,1631
1444,1798
995,918
634,547
952,994
1544,1675
1084,206
1828,541
2569,2695
577,999
2736,2398
305,223
2344,2595
1700,1527
2614,974
737,819
171,229
184,2017
592,966
8,36
408,1125
2125,2501
1803,595
850,886
1362,1501
2797,1087
1315,1380
1102,231
1404,1022
1296,1125
2420,1358
222,975
853,2230
1153,2666
2641,2685
162,67
2843,1269
1354,1213
97,405
1012,1999
2131,1028
368,2461
696,643
1640,1968
842,711
2460,2567
1736,2099
2220,916
2489,450
2320,2535
2317,1903
1377,1043
1402,1267
2792,834
36,111
632,705
579,2421
2049,1886
851,1411
2841,2871
395,1667
619,2334
104,2027
2632,2359
2649,1875
64,157
636,1423
2633,2769
1586,1907
2314,535
800,2357
2084,447
2177,1963
2681,1583
416,153
2688,2009
1331,1731
205,2151
1009,900
1913,2137
2656,1441
2738,190
2242,1439
1523,975
1232,15
1211,975
2748,1183
2148,796
2552,599
2667,2591
2880,2333
1443,1436
1894,1751
1129,2451
952,37
2540,1071
1520,1134
1993,2765
2523,636
2432,1853
448,2034
592,2309
1593,101
1777,295
576,827
2553,2845
757,519
216,1621
2839,2799
1962,1943
2264,1983
1249,1276
1424,2498
2515,2244
960,2821
2208,822
1120,2335
2393,292
597,1645
2393,2625
348,23
1353,1218
128,315
1242,927
2733,2111
1336,2864
660,813
2162,1844
101,493
1299,2230
837,879
2028,2029
2489,836
1001,431
1664,1873
2514,2118
2501,935
1304,78
2194,1086
658,842
1898,2574
1244,135
584,1112
488,596
1216,937
1474,2749
1786,2202
353,2269
1161,479
1200,2571
195,293
1104,998
1061,910
1784,1019
2233,2873
1426,1391
817,818
2609,2581
2713,2732
1596,638
1238,190
716,829
2568,2263
128,283
2080,2104
626,669
66,293
429,1237
626,543
480,2094
2448,1127
344,1443
563,2396
2145,932
618,853
1704,2411
947,1005
1116,2022
2768,649
2145,388
1636,1685
1041,1274
2860,548
862,863
714,636
803,839
745,543
228,92
2280,278
2604,2300
96,22
1315,1188
2015,1663
1734,567
1624,1908
1659,1893
1432,899
2689,2697
2,244
112,2520
576,585
1722,931
2094,2030
1100,93
225,343
678,438
1356,1287
1826,2814
682,267
2282,2331
915,1503
1056,1912
800,819
2539,2511
538,827
2728,931
1692,1052
170,268
1240,1125
2303,663
184,1948
268,44
2745,2804
1554,805
1885,1238
1388,493
2675,2365
1561,1069
2488,2621
778,1708
1482,955
1252,1053
2064,1838
2192,2458
650,757
2688,2699
125,358
1118,1239
97,129
1729,950
2642,1292
2426,300
592,850
2288,1067
1584,2708
1250,1375
752,817
632,2712
1864,1303
281,1236
388,1757
1237,415
2674,2333
1664,1805
1889,2758
1282,1514
2345,2491
499,350
2501,1447
665,1747
1822,774
331,147
1562,1311
96,674
341,374
1451,2100
464,298
2173,2485
2024,1615
2368,2517
19,5
66,93
1334,182
1161,1773
2264,2519
916,1582
1154,1173
2396,918
1161,518
1189,1751
434,373
1717,742
220,198
1276,828
347,1302
952,1041
2842,2787
2607,79
1757,1494
1129,1138
1529,1163
1115,71
1336,2558
2235,2435
2537,2637
2326,2743
2144,1194
752,1347
1273,866
2435,2397
2242,118
1076,1583
2341,359
2064,1773
2163,1340
1348,1007
1664,957
2065,2295
1193,1182
2493,382
1547,1367
2299,2343
2537,2222
1993,1026
1768,1146
1618,1388
171,157
202,1523
267,604
1504,1467
2480,2585
2667,2326
2514,1028
474,635
2852,2870
2427,2460
595,399
436,2783
1856,1489
2859,2860
1364,919
313,481
1984,821
296,1298
1602,1491
433,949
1509,2071
352,1704
2362,2247
1161,1162
756,558
1338,1451
2104,2082
2147,1893
1067,955
877,2838
2570,822
2125,2517
1945,267
363,459
1940,533
468,2566
1976,1635
1704,1462
945,1117
1904,498
2253,2734
841,859
2457,1411
2169,1893
1926,254
2332,2317
2027,2367
2700,662
2143,1951
817,2730
2112,1170
2704,2856
953,603
377,2567
2081,1659
2676,1622
2874,942
211,478
1592,1492
1840,1877
2550,1886
897,1097
2659,2252
1768,2860
2762,2325
2245,2815
978,2755
1297,2820
1899,1997
2129,1310
265,514
758,319
1720,2048
1140,318
285,709
1291,1349
2186,1887
2233,2639
1248,2622
1328,2328
2737,2053
2097,1275
1585,2009
2485,2174
635,404
2730,1807
1874,1252
2329,2434
1441,1607
1565,2631
542,446
1608,2647
426,763
49,135
1164,1429
2866,355
769,613
1872,675
2552,2553
1941,798
2294,239
696,442
1556,1495
1091,1852
627,2053
404,2127
1649,148
657,526
594,1703
1146,236
2288,1644
2087,1663
189,190
2572,766
2377,1645
1523,1093
1769,1929
1649,2635
633,746
2003,2031
460,2638
476,180
1850,1415
602,596
1027,62
1784,2472
232,39
2105,2805
2024,1157
2107,2075
830,598
2169,2098
920,1674
801,674
1746,2239
248,2126
2080,671
1427,837
860,1374
1728,1857
464,444
1616,683
1973,1599
1210,1214
20,95
310,70
937,1266
40,303
2803,1695
409,2046
1617,924
1824,1856
1738,829
1034,1062
506,125
2134,998
2232,151
1240,2805
45,157
1453,2029
1059,2267
2704,2217
1162,308
2226,2318
417,2700
306,1754
16,1534
1624,1882
452,615
2419,2109
2772,2791
2115,2092
586,1926
1553,1235
2824,1116
580,316
1253,2551
1553,986
536,2259
889,811
545,619
2571,2163
1731,612
2048,929
342,1311
2018,2162
2002,2148
122,154
2539,454
812,709
1544,1346
2764,2254
2840,2764
1852,4
1317,1421
272,2400
1504,1521
2181,2519
2227,2349
2012,468
780,765
2649,1126
2704,2495
2769,2220
643,1196
1264,1813
1938,1844
2346,2675
2426,2419
1458,551
1288,470
900,2087
138,119
233,1551
1280,987
2179,2523
2401,2494
2624,2042
2762,3
1560,2738
201,507
914,1835
1728,1187
925,2109
243,1149
276,958
153,802
2411,2235
2275,2646
2848,2787
1923,998
811,1229
2480,1057
2627,2556
82,2598
2239,2015
730,1455
2312,1028
1152,818
2289,2268
593,278
320,2825
2458,1198
2830,2223
412,966
2602,2618
316,1191
740,757
120,2653
2316,1405
2563,647
2065,2156
835,735
16,985
1298,1261
834,647
785,460
2515,1405
1861,1574
45,2573
2691,1844
1866,1819
230,110
2736,1689
173,1149
569,2637
283,157
930,2215
699,1356
2004,1676
896,1913
2336,2277
1474,1470
210,2716
1971,1421
2128,2149
552,780
2083,2054
2426,2187
297,2257
1129,1069
1336,1650
2480,2622
1412,1159
149,2669
2834,2587
1523,1853
18,2622
497,876
1841,1895
2523,2110
1972,1743
2578,1316
2050,798
2856,2831
32,1268
1842,471
1857,1372
2129,1923
352,2183
1971,1102
729,730
2668,630
643,430
737,777
465,2613
2091,1965
2717,2302
2555,303
1641,1611
637,430
1266,54
1422,606
2228,2550
1948,2703
1200,2820
1837,1901
1908,2023
2008,279
2545,2303
2201,2445
1619,2213
2210,2410
1018,1186
1129,1163
2395,148
2872,2689
2540,2647
173,2207
1641,2011
2592,1628
1632,1714
661,789
2678,959
2059,149
2713,1406
1131,691
745,636
276,2245
1401,1333
2337,2732
609,1735
2221,663
2781,2687
232,100
1137,1574
741,2406
1256,2540
726,599
2403,2757
706,1074
1426,1383
1256,2597
2282,2333
893,455
1353,2791
2340,246
419,2591
2080,779
2233,2849
1529,1308
529,767
2237,118
400,446
957,2375
1323,1958
962,964
1688,1639
946,995
365,487
2617,330
2255,671
984,1377
1496,1663
1200,197
2467,2755
674,1101
2017,2442
2681,213
296,1120
1386,1847
1001,2060
1802,2380
1008,194
1160,182
2531,2661
2642,1484
2338,2348
96,73
2818,2525
914,1186
1996,1357
1832,1095
51,1831
843,837
680,163
2466,379
786,500
2096,578
717,2813
802,887
396,1535
1520,1566
544,2694
709,2630
1811,111
2307,1811
1745,1658
115,1485
1945,2350
737,2827
1690,1099
429,470
529,34
435,255
2576,465
2648,2733
981,1541
1990,494
1288,729
1257,1378
2785,2671
2225,1015
1474,1935
531,1164
2474,2323
312,472
1187,103
1417,1220
224,2224
252,1245
1290,854
1306,1261
1369,87
2172,1677
1760,1898
2126,2054
2109,1886
539,807
601,611
1061,2575
1059,2245
2280,2459
1810,1429
481,1537
1651,1079
1843,1771
2025,2162
2034,1679
1660,1324
1562,1516
2032,2002
516,1837
2034,1878
715,550
2706,276
1738,1667
858,836
1612,2662
560,355
1195,1814
337,250
1291,1483
1914,1980
442,1437
1029,2365
209,419
105,218
2124,1943
890,1674
658,885
1309,2053
2874,335
2754,1567
664,621
2492,1351
2286,2087
65,230
2353,173
1800,1213
2867,775
942,654
472,127
484,478
1164,2023
2493,735
2217,1237
1027,927
2131,707
1825,1549
462,583
1339,2493
38,2735
2180,1980
1269,894
1584,2669
2379,2789
2336,142
1173,2214
1291,1997
2164,2103
249,463
580,412
2857,843
1816,412
1260,620
992,1115
616,2382
1258,2708
1609,442
2514,2363
2361,1415
720,1117
1208,369
817,243
2857,2196
1658,431
2785,2315
1649,746
1658,790
2036,902
2356,2599
2809,2230
1642,837
51,132
481,477
2289,2188
2203,1221
876,660
764,694
202,1050
1386,1141
1648,1455
2000,2045
2575,535
2594,2444
1420,1885
2145,535
620,613
49,1921
813,662
1553,1437
1891,1405
919,311
2145,2051
1344,562
1236,461
1296,1013
1665,1261
2568,1221
1376,2344
1185,1146
2043,828
1571,1555
476,413
1697,507
1929,1629
1805,1871
771,603
1451,398
616,2294
2432,1993
2328,1356
1325,207
1795,1556
2736,462
1410,1356
1233,162
2750,2719
536,1034
153,2014
825,854
1522,1252
548,295
2233,2189
872,2574
1747,2244
2456,2255
1397,2439
2306,1987
1306,1165
632,1968
1760,1690
914,94
74,155
2275,2726
1293,359
466,1127
2877,6
1641,1925
200,1866
176,391
1661,703
828,748
1265,1730
2532,287
2101,1998
2016,2028
1642,1389
2713,1354
1267,1551
619,2646
1760,1759
2264,292
848,798
2267,790
2746,2812
992,2741
2457,1726
2098,2139
1429,1445
2290,1220
9,239
2225,1683
872,537
2177,2251
1274,1398
1256,1813
1725,2134
444,268
1288,394
2570,2714
505,13
883,1317
2048,2176
1424,1951
2353,2668
1213,1047
2322,2362
890,2215
877,1111
1241,2445
2043,1501
1024,2034
837,845
1200,2478
1112,569
2697,2787
2530,2115
1180,2245
1390,1295
2617,2679
753,620
512,2724
933,2414
1781,1327
1736,2317
1180,461
2153,1599
1840,2537
64,1322
1017,2109
30,207
212,44
1807,1343
2268,2343
83,428
1900,2279
111,7
1969,223
2844,2677
779,1341
1424,2147
933,1493
1898,1046
705,2310
1977,1820
2385,1151
1715,1455
210,2162
961,971
229,1389
1458,175
1561,2815
684,1526
394,709
674,487
977,970
56,2607
56,497
2811,2797
427,1388
1724,604
186,335
2593,2717
1398,287
224,328
1066,1332
1610,1827
1369,2419
1096,921
2418,675
2789,2287
1259,1181
1410,2046
1072,332
696,2362
517,2853
2172,1773
88,1848
2370,2279
1745,699
704,562
2450,2685
1640,1443
57,525
2736,865
306,1677
658,850
88,103
2053,2509
2099,1579
160,293
2236,1277
313,435
369,316
825,730
2346,2309
1091,2190
1933,1702
997,295
1529,1514
106,245
324,263
561,894
842,774
257,119
2777,2594
2806,663
2426,191
889,1764
380,574
429,2613
989,959
1318,1935
803,1236
2536,1834
1226,2045
340,367
424,285
275,405
2091,1974
1173,1359
1020,1710
2108,1973
1136,1847
920,2285
594,359
2160,370
1907,1580
2545,2777
2597,2709
1932,1581
2072,1855
917,2286
1530,1586
1680,1704
482,255
1136,1262
1384,607
2114,2482
698,1421
1352,1536
2088,1745
1134,822
1624,1867
2360,2165
1288,43
224,2053
2276,846
1587,1463
2802,2780
1626,1675
161,198
690,1439
589,590
1946,2191
916,2854
2113,2090
2290,551
2416,2191
2724,140
2712,2829
2494,2470
1589,1791
1784,1970
2137,822
2680,1301
92,1614
848,1140
344,644
117,2310
618,2110
507,876
1052,1742
1009,2467
2004,2749
1535,975
322,375
1024,2045
1224,1528
2824,1457
539,391
2386,2514
1217,1130
632,1453
459,1669
2272,609
2555,2735
2096,2805
2417,1318
1097,2231
1274,1094
1737,2740
1659,1539
1347,319
2852,2879
609,754
2490,1155
1301,1175
1379,2151
827,510
155,471
776,2761
568,2832
2331,1821
2791,999
1533,1558
957,2702
690,406
2688,709
988,2526
17,69
2584,2530
300,140
1016,2782
586,2790
1596,1663
369,2708
1680,2393
1811,1614
1208,1349
1123,420
2513,1428
1620,1855
1978,2122
2236,2807
1995,1484
745,603
283,61
633,756
2867,2827
35,1727
572,839
874,1402
2469,1047
1849,1631
2584,833
2610,540
1112,396
936,2219
2710,2591
1361,2194
1693,1773
12,21
2105,1259
1409,1807
1319,391
241,245
2567,1887
1020,140
1099,1391
2690,2403
1257,1630
1955,572
1775,1479
505,1287
464,1593
313,171
829,734
2611,125
765,750
1496,1837
1649,1646
1864,1758
2537,2718
1464,1661
1132,1063
1578,1548
1802,1268
243,1244
2281,454
2081,2055
253,2654
513,271
732,2125
477,703
170,623
2102,2335
2138,630
2185,2345
1409,2345
986,2538
2416,2470
961,2241
1785,2009
74,6
2704,1406
2026,2782
177,1083
2595,2759
864,845
2823,2799
457,1273
2305,2637
1123,2157
737,691
2440,777
2681,1109
2118,2431
696,1235
2791,1215
1536,1071
963,1830
971,423
2696,1086
2248,2303
2586,325
1528,2062
2096,2668
410,1298
349,2471
1603,1687
1206,1239
676,2479
1170,1518
2491,2446
770,844
2792,2187
1864,2425
2474,2235
2412,1583
1275,2381
1594,2282
73,2851
2401,2713
628,527
2067,1790
2425,350
2808,2769
1446,775
385,1747
752,606
760,1703
2275,1127
1516,623
2034,1324
234,174
2707,2647
896,893
2524,2238
1484,2079
285,1061
2849,2787
2361,2381
1706,2090
562,406
408,409
2665,2607
2073,1582
2583,2359
2354,579
1401,1394
1851,2094
2623,2255
288,246
1467,607
1252,999
2412,1365
416,119
1230,1967
1734,774
603,812
1098,1339
493,2727
1350,1191
748,823
1797,1943
1838,1543
1124,1036
1237,399
2672,2663
1896,1500
924,311
646,294
672,609
2747,2678
2560,2188
245,2877
104,1793
257,925
377,1732
923,1011
2706,1343
1100,76
774,527
1100,980
1689,2538
1240,1421
2363,2492
689,83
1801,1935
2354,1150
1795,1691
952,907
412,317
1446,1294
2298,756
2186,2430
369,2059
1145,1445
2657,962
754,2075
994,1519
749,791
485,462
200,1564
1465,1059
2733,2726
2250,1147
1763,1869
2042,1924
2657,2757
182,1839
1740,1855
800,1076
2080,545
2169,2181
1222,687
2457,1922
1940,1983
525,447
1834,861
910,422
165,263
84,2854
1905,2051
819,1134
2536,971
853,1333
937,62
776,2222
1512,1685
1177,1135
2466,1013
858,1666
1368,2385
1129,1909
2672,2290
2156,1983
121,146
1175,703
2434,2303
2810,2797
2812,261
865,1202
2168,1639
475,340
2481,717
981,2439
1512,1701
1137,983
1000,2449
1920,1943
859,541
1771,2086
1377,2571
560,511
1308,1710
981,959
195,204
2627,1203
675,2039
2010,1755
2457,2446
986,2247
584,1455
1364,975
254,751
72,1374
780,757
1300,245
1129,563
1650,2267
2112,694
1139,1222
346,355
452,453
2417,332
883,779
2649,1290
570,1095
1473,447
2151,535
2464,2640
1045,654
891,1103
426,2254
898,2219
1442,1586
2305,231
69,221
765,807
1170,2790
880,1221
2210,2378
2283,2300
1707,1855
2867,1405
566,567
148,479
2467,94
904,2309
1170,2292
665,1268
1650,1469
2576,2227
1528,1444
2560,2429
2341,2422
338,619
1960,1326
214,623
248,1250
1760,1443
2117,2087
1169,1546
1896,2180
1313,919
85,349
1072,1192
870,2503
301,1821
1166,1063
1073,183
2093,2110
2184,1135
2036,2183
412,2069
1874,1420
832,235
1602,1534
2406,910
320,213
2059,1084
186,1604
1988,1261
1451,2451
416,932
610,663
816,556
2112,2674
43,1847
2081,558
122,1212
1465,1044
2820,2574
2825,325
1289,1529
1899,1861
2435,1900
1608,262
370,813
1126,966
2232,2526
2265,2691
1916,2478
361,1466
984,299
1194,1210
1715,1102
810,2524
17,61
2236,916
753,883
394,2053
920,1176
1394,2341
2225,2781
1328,1871
1800,867
1608,1613
976,1713
1882,1916
2640,2141
1189,550
1801,1933
324,239
1585,1678
792,878
925,1566
2089,669
2107,701
1056,867
243,606
50,468
60,1302
2208,1087
1256,453
989,2311
1708,1565
357,2877
144,232
1913,2322
1189,2327
545,620
962,1765
1858,2159
244,207
475,470
1520,1494
476,2734
1297,2022
1312,1151
489,509
520,370
2544,2358
590,511
2200,2248
2277,1750
2509,1038
1322,2638
272,370
1912,2355
2291,2157
40,979
1451,421
1642,1374
2347,2829
2543,495
2449,2585
1880,1381
2132,1894
320,569
1313,1858
563,1086
1024,653
2338,2367
1520,77
2504,2816
333,334
898,2774
2190,631
2416,2792
641,2715
1058,923
2448,2513
1130,7
1834,1588
2809,2237
1566,591
1497,839
656,1103
2337,2668
1396,1124
1429,2758
2625,2775
2153,2101
1262,1367
2726,2495
1851,2015
101,622
2344,2221
1520,2259
1142,1247
252,309
1114,94
2040,2381
1621,2373
960,828
561,92
2336,235
2390,2206
1369,1239
1301,2199
549,766
385,124
2089,2126
1752,2208
2377,2251
1425,1426
2824,1129
2065,1771
2344,2741
1657,1906
467,2039
2652,167
103,87
2827,1541
2848,2797
1571,1742
2100,231
2400,1305
1106,1708
2676,2244
1627,262
2624,2623
528,2637
2481,2710
496,438
1128,469
2529,2423
2128,813
1982,447
1674,2043
331,2756
409,1238
2398,2014
41,2618
1056,1490
739,550
1515,103
2648,45
2658,901
184,1022
702,607
2528,964
772,718
1650,2054
1985,174
592,2044
2164,2493
2557,1030
90,2363
2140,1820
2104,2054
2065,1870
88,2205
393,319
2518,1198
1217,2783
178,339
1115,1107
1026,2060
592,2759
1665,1908
1032,1448
2585,722
818,2819
2529,1139
1432,943
818,775
531,775
312,405
1304,1503
2696,2396
598,711
1555,1092
2545,300
306,1046
744,670
1090,1506
1617,187
537,1426
1259,1294
908,501
2202,1413
2716,1085
1731,758
1302,1991
208,2332
1537,2729
633,330
2472,2178
898,899
664,1908
1884,223
1266,1787
2192,2457
346,383
801,1877
824,827
417,87
1329,1734
2376,1217
93,119
649,2076
2681,1095
124,2535
2572,732
96,918
1858,798
1665,1191
927,919
2673,2531
805,550
2666,2603
1212,47
1261,1390
2811,228
451,1935
315,2555
2664,1303
2660,1047
1529,1563
1681,1682
1483,2749
2734,2439
2323,1270
1179,942
1986,1339
331,1293
1328,2640
2500,431
909,2269
2093,2463
544,695
600,477
2489,439
2025,1917
1691,1947
2730,159
1649,2009
530,891
858,868
2214,2335
760,1264
2370,2444
122,2127
213,1335
2873,1522
610,462
1113,2671
1201,1638
22,23
1264,2779
1129,470
2368,2374
2636,1246
859,830
1275,660
2723,1318
1552,1955
56,2852
433,823
1049,1217
386,2811
2135,1975
873,750
1113,1292
301,1398
1365,1773
2401,1618
442,910
2075,1949
2478,2711
680,122
2527,1847
514,255
2409,2487
180,357
220,36
680,1861
112,1680
1624,1633
1436,1423
1163,2207
99,1510
316,2461
1194,668
680,263
2220,356
2649,412
520,694
1184,1215
449,1990
586,1011
1410,467
1082,1143
2152,1771
770,446
2873,2842
868,886
2839,2687
2408,2690
1855,1263
2329,2579
1130,2046
130,167
674,1154
2236,2196
1315,1190
987,2382
2544,1243
2561,2802
528,427
450,371
1156,2398
2098,1883
881,1978
2792,1221
2828,2542
2259,1695
866,2308
1697,738
1209,300
2347,2646
1795,2295
345,430
2040,2722
2599,2511
573,663
470,231
1052,54
815,639
926,126
172,605
779,1397
2825,2766
1089,63
1314,2413
19,262
2400,1421
2013,2743
925,495
2217,2331
809,502
229,487
936,1725
1403,1628
121,11
1722,2582
2832,494
705,421
1961,2822
698,844
1230,1319
50,326
657,679
1272,1891
896,2853
363,475
1499,1532
1875,1543
2522,429
1522,1948
760,482
531,772
2610,2634
1546,839
2012,1964
2542,2375
0,494
1568,1889
132,151
1918,806
488,509
2656,1373
472,1338
2152,2019
386,22
1554,2292
5,30
728,736
474,164
2168,1500
1657,1845
962,2319
1850,2763
2570,2023
1072,1591
729,460
556,806
1165,1949
1121,2654
2609,2347
1099,367
490,827
2714,2285
1352,2861
1234,622
1430,1447
2129,1983
5,165
480,2567
2683,2315
963,2621
1012,1751
301,813
2642,2486
1818,2011
2876,1111
3,1805
705,825
664,808
1442,1556
760,471
2475,2196
2050,1243
764,718
480,2587
2024,1023
987,1079
442,947
2316,1365
394,2660
43,436
1570,511
776,1373
1255,1111
1057,771
1474,1348
2689,2586
130,373
619,1715
2099,758
1001,2765
1554,1531
1384,1794
531,2580
2378,2731
1602,2703
1464,1631
2420,660
2258,2197
1930,1100
369,2854
756,621
2704,2839
2881,2782
1718,1158
2102,2271
1992,2012
1683,1605
770,819
708,2518
2336,1243
2524,1612
1441,1659
2833,538
788,822
963,982
1480,740
356,527
1624,1890
2412,2119
1857,1716
1837,1894
433,2834
1345,1956
172,230
1066,1082
411,2291
1309,1127
640,471
504,74
1554,583
2552,951
387,2775
1674,2269
2164,956
2115,1942
2208,334
2730,1086
638,2015
270,46
27,20
2583,1511
762,620
297,2201
536,2049
2753,1667
2105,2701
761,627
1716,2461
685,2310
2041,1743
1235,2692
649,346
385,1799
2424,1535
2824,1557
923,1829
2224,2766
1705,1910
1563,1363
481,515
1029,982
2754,2726
1233,891
48,445
1136,1163
1281,1375
161,1113
2195,63
629,693
2105,2194
1654,1623
20,30
2785,571
1352,874
2204,2799
2340,951
2602,1351
80,122
1723,1935
114,115
600,691
1986,2042
594,1610
2730,852
2136,1698
179,134
2089,2139
2656,1047
1112,1877
1963,1174
1074,1141
128,2420
291,227
2401,2793
955,1404
2104,122
449,2831
1610,2476
2618,1015
1584,601
1701,1550
2768,1517
690,437
1145,1159
60,166
346,719
1258,1191
1694,687
426,2127
2187,2244
1268,495
404,2389
2273,2591
713,271
389,1631
1336,2559
512,1088
380,2573
376,1406
1688,1830
1888,1469
1352,1642
496,1080
225,47
1165,2127
536,770
810,1826
888,2445
617,818
1376,1858
2641,2838
2268,2542
2464,358
2005,1991
950,1023
2563,2221
2426,663
427,1863
19,2517
1066,1916
1361,2083
642,323
2003,1318
2129,1669
912,2085
1725,991
482,324
1879,1631
2210,2667
2567,1783
152,385
832,2766
2056,2350
1305,370
1210,1309
1856,1861
2657,2303
2672,2555
1000,2112
1297,1413
2554,2755
1305,2361
466,2487
1902,223
2018,1983
865,772
1558,1510
1970,2324
271,231
1746,1700
2043,2175
2076,879
1684,2350
1045,2613
2754,2853
1232,235
1803,1756
41,11
1475,1772
1297,1294
1324,1453
270,7
224,386
2032,1459
1729,1974
393,147
280,490
1106,2284
1849,691
472,161
706,786
763,2205
1840,1747
69,229
956,1453
403,1719
2369,420
1659,1612
129,325
1618,1511
1209,1365
188,1637
2585,582
593,347
781,711
490,1639
2520,2804
2684,575
2184,1026
405,327
1794,1757
2514,1893
1544,2650
1952,665
2478,2206
2393,2450
1144,2447
2541,2655
1783,1655
2627,494
257,235
892,2271
2536,447
232,59
603,2463
2176,2365
1904,1182
2204,119
1303,1055
2376,196
943,607
931,983
212,93
29,30
2007,1815
256,251
594,179
3,1852
884,1967
626,2804
69,47
2268,2382
305,259
348,1757
1194,2300
2273,2346
1008,2386
592,1543
892,366
2797,1695
1721,1870
2429,2375
1677,2254
457,1535
281,1322
1116,775
859,735
1802,1565
210,532
2611,1243
472,2862
1226,1204
2106,2107
249,191
169,492
2754,2643
88,1728
618,1646
1840,1891
801,428
2795,2213
2490,1165
264,230
1360,1882
577,1406
947,2755
1336,1281
1464,1629
1618,2610
1152,2267
897,2067
1640,2079
1707,1575
1409,1380
2684,903
26,319
2395,2653
385,2142
1907,1700
2407,2319
2141,1446
560,678
1048,919
2707,1613
2730,1341
2389,2421
850,887
2865,219
275,683
1027,1068
2811,2231
176,556
2320,2589
2835,1571
1873,2789
2587,2438
1129,43
633,1821
1553,1134
2856,2719
1701,1631
1320,1252
1097,415
1168,713
1788,1989
2024,866
1042,1826
1075,332
136,476
1305,668
470,2527
724,870
2304,2757
34,2573
2087,1783
1684,581
2824,1782
676,589
137,809
2472,1975
2502,2543
1600,1599
2347,2615
1091,2470
1776,1625
747,628
1881,439
344,2307
1570,1788
1821,2142
137,253
2316,1812
1597,2062
1481,301
1481,1958
2008,2616
1114,1647
736,748
823,559
496,2568
811,869
1044,1207
2475,2103
2564,2847
1520,1539
432,1438
2281,138
1512,2379
228,132
289,1114
770,2515
1603,2438
2629,1711
974,414
1157,1014
2398,479
1249,1371
1288,612
1880,2021
157,46
1618,2870
1564,2870
874,828
344,2581
240,2555
563,2694
1434,1333
1320,281
480,2472
1778,1595
2250,597
552,2405
73,143
2345,2435
249,486
116,6
364,143
2752,1093
1278,782
914,903
1491,1556
1806,1063
1434,1293
46,38
212,61
2600,2315
354,1934
1440,441
1856,2270
2779,2734
1386,2204
1952,2637
458,2308
1763,1549
2008,652
2620,2719
1040,2568
1312,1457
290,1955
2871,1167
241,147
1714,1580
345,610
778,829
1194,2498
1409,1394
2306,342
665,1369
456,857
212,108
2510,2390
437,2102
1400,437
1450,2730
1203,2668
579,355
2707,861
2580,77
1357,1063
1664,1769
306,442
1373,2334
2713,2819
1859,2132
706,334
657,614
1294,726
820,2189
584,1607
1740,54
305,1873
2397,2559
2761,2613
1844,934
2744,2313
1081,2855
1716,1700
1256,170
1096,1411
2715,1117
2537,2829
1537,1435
2312,2228
256,514
296,2688
2258,2805
1582,1503
1120,266
1003,2015
1764,820
272,1592
2170,1843
2665,2710
1934,1847
817,1561
713,698
1658,1459
1636,532
2651,2822
1776,1817
2824,2796
2585,845
830,671
1233,1535
1769,2317
694,598
723,2206
1976,2068
1353,2318
305,1721
1000,677
2412,1444
1001,199
832,1391
893,1039
2652,2751
172,869
354,1404
1458,1550
2258,427
1689,1746
128,2600
88,512
1243,2324
1232,446
242,174
1137,930
804,2878
2061,2319
2881,2717
2699,1557
2476,2213
2693,2854
2826,2646
2714,2637
379,1523
115,1734
348,166
1909,2557
611,20
1906,2051
2721,1494
1384,833
872,770
1104,1441
661,2878
341,198
1226,1214
405,23
2224,2047
1155,1006
136,233
1493,1566
1803,1445
2713,2573
658,599
162,939
2018,1651
939,2134
404,278
243,2655
704,801
224,77
1514,1699
2876,1278
1076,1335
1013,1519
2017,1812
1257,2835
1067,1023
978,1212
409,1114
1268,1076
2365,2326
1115,2351
1988,813
2200,2313
2088,1363
2697,2859
2715,343
618,2819
117,2535
522,443
2528,2363
2172,1719
1453,422
133,207
1132,1084
2712,1433
2082,726
256,99
1651,1278
1689,1701
2060,892
2610,1931
969,2220
1424,1698
569,2442
155,156
1716,1580
513,743
2652,788
2880,2871
2554,2670
1779,1477
56,2142
802,508
2484,1981
1,563
1188,2670
1481,660
2117,191
2478,111
484,1085
1596,2567
1890,1559
162,2580
377,981
988,975
1105,1107
1081,2364
2596,2391
1432,591
2313,2605
490,2645
1441,1389
1528,1717
2144,1481
950,1223
2724,1311
1334,1247
466,467
2412,2414
1441,895
2066,1991
2610,2372
616,2452
2448,1243
1090,1255
2867,2646
810,502
1724,2751
1723,1676
2036,743
2155,2061
2818,2836
1101,822
554,1626
2043,1542
1371,1957
2664,1515
2244,293
801,2827
1314,1107
953,714
200,2793
872,2324
1299,603
197,455
1139,2199
2497,2775
2841,1758
1683,1838
2578,1875
2809,398
2670,1679
1858,1927
466,500
216,615
2245,2639
1435,1527
1729,1004
1069,1781
1760,1486
1072,1290
1242,222
713,809
1417,1333
2635,2212
1224,2252
1172,1253
1493,1583
2744,2402
105,31
2816,2872
537,1258
56,796
1059,1278
1112,1299
960,967
1282,1334
946,1554
2177,2012
938,941
1331,2767
2680,2253
2160,1955
994,279
312,2199
2118,1966
2440,271
1320,2784
349,567
2049,162
1720,1442
1240,1561
658,686
378,467
457,1781
2125,262
449,2700
1741,2007
1105,1095
2570,1268
1051,2871
2872,2853
2265,2273
1996,2421
2003,28
467,1671
2872,2771
981,2581
2410,2251
889,1279
2059,677
1826,1814
771,1333
1387,1348
1720,2092
2301,2685
2609,2349
1921,1468
2347,1484
2468,181
2858,587
656,1112
1649,1397
1410,2571
1683,1901
2136,1887
1804,1821
1945,114
41,31
1724,2229
816,783
875,835
288,1929
417,2650
1614,959
88,1162
2074,1245
2379,814
1006,1567
450,527
1952,1425
1118,854
2002,742
1031,7
2849,2315
409,2301
1652,1476
1944,23
1747,1421
1224,1202
745,804
1370,2355
1091,1143
1500,1797
1106,1396
1793,1183
457,569
460,429
1681,2705
2648,150
1998,1871
922,2165
2620,1925
417,415
246,975
2848,2676
1038,654
168,1249
849,821
2848,1301
1912,1947
1115,2380
1369,2580
304,55
2645,2695
456,1271
539,227
1442,333
1074,2259
1953,647
162,2498
1552,1532
321,393
1010,1196
1835,37
457,475
1744,1733
1929,1902
2194,2301
1762,2709
1585,1202
507,1958
1305,578
2798,1711
2146,349
50,919
2555,47
182,247
2009,437
568,293
2272,1577
2205,2334
2872,2412
2850,1301
907,999
932,2303
192,159
1134,1006
628,693
481,470
544,1223
2856,2494
611,628
393,255
107,238
856,1318
1393,591
1425,1406
2866,1555
1297,1206
2275,2230
2674,572
955,1796
1938,1869
416,417
901,1718
781,2149
972,1919
2417,2770
826,2708
908,950
1847,87
2001,2541
58,1021
1883,1923
673,563
2064,1603
553,2041
235,204
686,2407
2052,660
1923,1398
2581,2246
1569,1493
25,284
1412,1118
202,2762
432,2705
325,46
561,405
2242,2219
2003,1358
667,2655
2696,2275
2344,177
1426,2452
785,2668
1011,253
2674,2810
2649,103
2632,962
2016,2306
859,843
658,858
1737,231
988,2414
1488,233
419,2284
660,2846
2120,2036
1608,234
10,31
1827,1828
251,165
1218,540
1297,1429
1043,1333
1098,1173
1138,2498
2866,828
2624,1227
497,261
1466,2531
2057,2606
940,62
32,132
200,1051
277,399
780,886
228,470
2589,2829
2192,908
2119,1567
173,365
573,1942
2660,1116
153,194
958,783
2154,1999
9,178
504,181
296,345
1224,1239
2672,331
960,1427
2778,2343
330,508
2418,2061
1612,1461
968,621
1811,22
1713,820
882,1343
1281,1807
2093,1647
1426,660
962,1134
2422,910
752,617
1515,2727
825,2473
2483,870
2096,1181
1586,1829
506,708
1611,1476
435,110
1344,1436
124,766
1834,2218
1849,1579
738,987
1931,1318
277,686
1337,1285
162,2419
2059,1596
2385,515
2867,789
1562,2501
1456,2590
1743,1495
539,163
1869,1918
1712,1146
1684,1124
1092,2389
2690,2388
320,683
619,1086
2277,607
1434,1443
2680,2780
2229,2518
563,2767
2137,1206
756,2230
1066,349
1144,2465
2633,2286
2817,2750
12,1053
568,180
2457,2694
1360,845
664,794
755,2054
2375,2343
197,2206
1861,1071
714,1059
1389,1718
1,7
2277,2239
1763,2108
1206,1799
2752,2258
236,1030
1321,1315
1752,21
673,809
248,2684
571,651
2805,1807
353,700
404,815
1243,2203
2426,316
1187,1159
1566,2631
981,2462
2850,2659
2329,2527
1709,1909
645,646
1841,165
2337,2315
1299,1131
1042,2767
1720,207
1331,1423
1286,1863
688,922
1567,687
499,1895
4,199
2202,558
804,789
465,91
2818,2549
105,410
192,292
1549,1981
1332,1253
425,527
665,212
176,227
1760,2452
842,836
138,2117
832,495
883,875
1513,2317
1804,1902
2048,2025
1224,687
897,2758
2397,1111
2345,626
186,326
1008,909
317,2605
2713,668
1905,1773
1249,1118
2784,150
197,2574
860,852
2795,2868
2320,1092
992,1242
1364,52
2664,449
288,1031
1877,1989
1673,2706
1906,2106
493,941
1994,2066
2873,2826
2593,2833
1752,665
569,2613
2312,2543
1004,1302
136,70
1722,1291
1620,428
2843,2829
1523,1404
1936,2115
786,1314
2601,2250
570,1268
1145,572
2396,1244
2424,2863
1504,1552
1960,2149
1649,196
2305,2703
2625,1469
322,2003
1605,1662
1110,2519
2757,2679
2269,102
64,444
2448,2552
2043,2535
1465,276
2064,1570
84,2311
713,818
2661,902
2306,2861
1929,1398
2065,1003
1242,326
2717,2366
1859,1966
931,2727
1576,1237
2648,171
1547,500
2650,2004
1616,2786
1146,2766
336,69
2113,218
1384,703
520,701
2498,1821
1433,1439
1833,1726
744,796
1060,223
2619,2412
2345,1983
1075,1205
1337,2197
1121,1177
1418,1156
2057,2195
2305,2205
1440,1586
875,804
2012,1965
208,1686
1426,1379
1381,2093
1352,1374
538,807
522,172
1086,775
1738,1708
136,129
2140,1607
498,2338
2081,746
992,1053
1618,796
2757,2198
1728,565
2028,2567
725,1198
2088,1939
1305,1618
145,131
2627,1388
2324,2244
2423,2047
2114,2069
45,358
1616,1237
2650,1388
1786,1700
102,2175
180,406
2328,2359
1894,1431
2872,66
1778,1836
411,2245
208,512
1587,1703
1002,1075
2437,2383
2393,1900
275,213
1341,870
1505,1548
1657,1693
1457,2385
2241,634
2297,251
2745,2410
1091,1399
2577,1340
2252,2574
195,907
2544,2820
2738,2189
1308,1709
1115,684
1819,1803
2037,1022
1168,1421
1034,1930
1855,327
2080,884
1262,1519
2545,1735
2237,558
160,1053
2353,1270
2459,900
768,692
10,2195
1925,1463
122,555
2059,917
1707,1868
2504,2526
2229,1726
493,214
2824,1030
2193,2146
329,349
2564,2046
1488,1003
2658,127
2352,2261
1444,2510
1570,1822
1737,436
864,1281
1545,1557
1936,1954
682,1428
1980,2070
1682,1188
936,1032
178,133
88,212
197,1718
517,670
1859,1845
448,133
833,1439
1836,1869
193,428
480,2530
1100,2879
2696,2732
2778,1245
1488,1879
50,1858
1094,767
2224,1139
1714,1783
308,1447
923,995
744,803
2689,2847
1141,2823
2042,1987
809,2663
1628,2423
1832,1877
1056,1846
1779,1639
1121,1116
2041,1980
2113,1967
1085,982
2298,2774
1305,1969
2548,2516
1866,2551
1392,1316
1146,975
469,2487
1360,834
850,1946
1853,1143
1810,1890
2301,190
320,52
732,2669
1089,1178
1299,407
0,441
1754,1662
609,813
811,820
2698,2469
32,2017
1072,523
1144,1419
1608,2270
2220,2374
400,367
1913,986
299,636
635,355
1386,2618
350,1271
849,1591
2434,2666
2409,127
929,1972
707,661
1253,2350
1443,1939
588,383
2272,436
1288,683
152,2310
1560,722
1792,1772
1445,1038
97,269
337,316
483,333
1883,2287
1026,1146
1729,1726
309,135
2328,725
1204,2006
969,977
1901,87
1042,1195
1336,1310
2059,2460
896,2587
245,406
1253,2583
2856,2282
1576,2272
568,2785
2114,1964
2673,1223
1905,1605
275,2199
258,700
0,1546
161,2654
2469,2319
986,2118
2002,1587
293,893
2187,2462
2260,2645
1640,1454
1848,483
2183,1487
873,855
2109,2221
2288,2559
2533,599
1630,854
1685,2662
2687,1151
2451,1405
378,1431
2737,2796
1108,2047
977,1003
1824,2493
1592,1715
2826,2615
2457,459
1015,87
2242,2158
2507,2631
486,551
329,326
2824,1364
1170,2773
1016,381
1537,1579
1536,143
2272,1118
258,2578
684,1037
75,1055
1101,1831
2105,2730
758,759
1612,2630
2553,2571
723,709
640,2668
689,783
2485,2567
1904,2417
978,917
1241,1315
1853,566
2328,2432
2077,2846
427,2580
275,197
2173,1663
1384,535
1999,1711
836,764
523,493
640,2655
826,2386
1240,1185
528,1386
1192,1931
1048,1396
721,423
1526,1143
1362,2535
2459,647
2498,1883
2173,1686
848,604
145,185
1474,2364
154,1850
1740,2237
1803,1564
1992,2096
733,663
1331,1359
1098,995
1416,1417
2328,1390
437,1118
129,306
129,195
213,277
2162,1079
480,1766
1017,943
1138,1871
1424,692
1824,1317
2067,661
2401,1965
176,237
499,1599
171,365
1928,1835
1019,2467
628,1197
1913,2087
817,659
946,1006
117,1293
348,151
2208,2305
733,655
1432,1521
317,663
2476,1996
2725,1654
220,38
576,547
2432,114
2700,1253
2005,1910
2586,2390
2298,2395
544,1259
1786,1908
2178,2135
1499,2845
1744,1835
440,2503
1580,1524
2712,2199
1860,277
1130,1214
20,149
1896,533
1731,902
571,668
1864,2004
2766,1446
1957,127
2308,501
2675,2717
328,2387
2032,2351
2058,2548
1928,418
1820,1612
2672,673
2026,2027
2110,814
331,2206
61,158
1217,1365
2114,1915
1906,2413
2416,1078
1666,2202
896,345
795,532
609,2469
465,334
1862,1270
414,55
2744,2751
441,13
928,294
1266,2786
2170,2013
2320,564
1425,1262
2698,299
1400,1300
368,802
1816,2563
1068,574
2633,2599
1113,2253
1036,2351
186,706
1587,1620
859,1926
1161,1349
1146,1738
1230,1295
287,63
1237,2222
1320,2045
2305,1694
1858,2482
1956,935
578,1303
539,219
513,1451
844,1118
1880,1745
2875,427
170,482
1506,1004
601,589
1969,2372
1128,1298
2620,1581
1272,1138
2378,2325
1066,2351
2682,1027
2818,2734
1224,1389
2688,1249
586,518
113,103
282,484
2272,893
2861,2455
331,2253
1209,1231
1471,1447
2056,1969
1768,554
1856,2065
1870,1550
2584,739
2477,2535
2017,1211
1322,1163
243,1069
2178,2173
616,2329
1474,2084
168,1338
1858,799
937,941
1194,47
502,575
1048,1395
2259,663
360,63
2307,2756
2154,1942
1274,2258
2538,1028
1691,612
74,170
96,481
1616,854
1317,2846
432,890
2529,1342
715,500
480,2426
593,657
587,533
448,401
1412,1191
68,44
1561,2701
1177,1903
1242,1036
553,350
2771,2879
918,7
2785,271
330,2757
1075,2148
283,303
2593,1910
1010,12
372,1317
253,398
1809,2146
1514,1791
672,300
320,1368
2443,2468
2344,2154
1012,2327
1382,1230
2613,2703
2612,2158
1138,2765
550,2479
2554,2821
2681,1787
968,1297
2033,1765
1320,907
688,689
706,1060
2172,2094
1728,1369
266,2580
2171,2143
1852,926
2057,2301
2387,69
1112,1405
2594,2261
392,784
50,2380
472,1359
1234,174
416,2221
321,471
1632,2427
105,122
192,49
2847,2711
2380,2318
69,893
690,1061
480,1258
141,381
976,1606
1049,386
2081,1597
2278,1775
1593,1498
673,2293
352,2453
307,1157
2060,236
1872,2038
1759,1263
2810,2211
2144,2550
1012,876
2307,343
2406,2431
2253,2581
2650,2823
2520,2036
1280,882
843,750
1905,1379
1760,1605
1132,2790
1762,1620
864,863
617,709
536,186
2627,630
1387,1911
2376,2217
1220,1887
952,1016
657,831
2514,771
1401,1374
936,918
896,479
1576,643
29,2693
1760,1609
1145,1515
144,240
1820,1327
2209,1195
912,1346
2233,2801
1875,2415
2283,2454
2281,1775
2625,724
2205,2589
2177,2013
2665,2372
626,731
2123,1686
380,15
2582,766
1779,1797
2427,2398
770,2714
1734,2631
2096,2138
956,911
2753,2619
161,269
465,1148
1603,397
404,614
2556,2372
505,243
691,692
2088,2051
1441,1468
11,951
2120,2126
1827,575
1434,1989
1049,307
1611,1452
1958,1951
1611,1477
2061,1047
2011,68
763,551
75,109
2122,1517
2532,1885
1300,575
1945,1146
2648,2825
1344,1488
205,919
1258,1383
2769,404
2576,2735
1161,1541
782,582
2643,2316
1576,1529
2020,1822
432,433
1433,1300
608,755
49,26
2409,1391
1217,195
2562,2710
2714,1429
840,695
467,715
2529,1403
988,892
1644,1246
313,817
1523,1852
1940,1854
1839,1247
200,1182
1379,1156
1272,1690
1585,1531
1906,2078
814,502
497,954
84,20
1189,2358
2451,229
131,2484
2587,2269
632,2009
2793,2634
1169,2449
1203,1271
967,943
19,278
1057,2067
1323,1709
496,851
1670,2399
298,957
2434,1831
1345,1555
1619,1461
1082,2277
2406,1494
2264,1654
545,1926
2597,2598
1553,1061
1035,926
560,164
2790,2455
1240,1272
1117,1311
545,830
377,2079
2689,2342
2492,917
513,2483
2342,1398
1540,639
2132,2039
970,1766
587,100
387,2207
626,2463
2729,1413
1049,2522
1672,1483
1217,1179
2814,902
1354,2823
1645,1310
2492,1046
386,394
82,1613
1626,2106
1466,996
2816,2643
1538,1460
874,875
2309,2517
1433,1434
1723,1021
1578,1510
1513,1537
2818,2687
1501,2158
1631,1551
1882,31
1250,2804
80,2189
1547,1285
1368,2796
1795,1550
2105,2497
2716,2645
885,662
2721,2843
1402,1350
2664,549
2145,1734
1097,1196
1952,1601
952,190
2622,2623
570,819
1410,1411
1344,1512
368,2014
2440,2253
1121,2863
1218,2338
2408,2862
1706,1707
913,130
1428,933
376,2683
2264,2661
669,814
2469,2487
576,509
704,513
384,2598
593,1867
1936,2171
860,1261
269,111
35,244
2658,2259
184,1756
314,435
2564,1359
2040,1337
2136,1550
2660,455
685,1293
721,2683
2626,2676
1396,1231
718,462
825,1950
648,887
1475,1639
950,2559
1808,1322
1225,2385
1483,1788
2058,2035
2649,565
1537,1661
2809,1877
1504,1454
646,855
1954,1902
2209,2804
2856,2849
651,2734
1748,2142
1239,455
1232,574
2792,876
2769,2517
1432,1515
1893,1879
1699,1677
307,1253
1801,1676
570,1757
2314,2834
1992,1661
1936,2846
589,799
705,812
1266,213
1306,1230
2692,2580
640,795
1189,1446
2443,135
2749,2031
1544,2772
1152,1341
2508,910
2428,276
1259,1246
112,2814
1513,2375
2337,1469
2201,2370
2776,2150
1528,2642
2641,2397
945,700
2393,2126
1358,847
2653,86
1540,541
2292,1694
1848,2007
944,2651
27,1716
2077,2550
2771,2533
389,2567
1474,2003
1099,435
2060,2502
1127,407
1060,70
704,685
732,622
96,357
8,24
1515,2678
1164,1237
1725,990
2282,2750
622,623
850,2482
256,230
2388,1677
1949,2062
643,2515
1138,2340
2808,2249
1554,2412
1225,407
1260,1212
2538,1047
2085,1183
788,686
2330,1717
528,1297
713,2867
1568,1455
388,349
1168,2131
600,1944
1769,1550
877,807
1011,1820
1936,154
1369,277
555,1588
2178,1789
2152,1956
2158,406
829,2350
2433,606
2067,1222
568,2604
1313,1547
2210,2394
497,498
1097,988
2300,2238
797,829
123,324
1820,2317
1576,1557
1161,802
1273,1287
16,3
267,2860
329,684
1532,1446
1904,1387
306,1551
2514,2427
763,693
360,1359
1793,1621
1618,1591
1400,2334
2314,213
1191,663
1977,1491
1345,426
1437,2469
1426,2221
2158,1263
452,375
120,47
802,1291
2506,2682
962,2327
697,2466
259,1885
2616,2050
408,1214
2208,2758
658,798
1270,863
1665,479
1233,1039
1666,1911
881,1245
880,869
2659,2339
2240,2273
2248,2392
1125,1198
437,1773
277,335
208,1732
660,1262
1784,2846
289,218
2131,1655
1737,2207
409,1361
1553,323
2092,2007
2520,502
1921,2433
1304,1277
2400,1055
2132,2053
1562,2779
2418,725
1881,1340
2716,1638
573,2077
1121,1451
259,667
1008,2286
845,1111
2648,1909
1080,1360
1016,929
352,1827
2851,1422
808,2234
1073,1103
688,635
1736,1721
2136,10
2108,1844
1124,2813
202,468
1136,2400
1174,414
443,228
668,1239
449,577
2880,2337
2307,2861
2629,1551
613,622
1519,87
1450,2775
1902,1614
275,92
1260,668
1193,2610
2193,2039
1128,1955
2144,2472
2488,2365
25,2474
1988,1039
1490,1602
2280,2309
368,473
1649,2387
440,671
946,978
1728,1574
570,822
336,265
2457,1883
169,166
1776,2369
529,506
2848,2856
1507,60
1905,1383
1499,1805
1657,1459
1131,515
1155,2159
1048,2432
2456,2257
373,1319
1040,1039
2441,1012
2276,615
33,274
1889,2292
1636,1854
266,2652
209,291
2618,2698
1073,1871
1709,2390
18,2035
168,2307
1464,1804
184,1090
1194,1261
764,629
2833,2484
652,518
352,502
1576,1952
1075,1318
1409,1330
2848,2339
221,159
553,2180
1040,354
876,2511
2807,2343
2144,2545
1202,718
1776,295
659,759
1582,2807
372,1261
562,2604
75,1863
2698,2869
2337,2189
1441,2001
2137,2714
1802,388
1786,2362
1579,2101
880,2664
2708,670
2001,1559
1064,1027
2496,2345
755,1111
753,839
1513,1795
2213,1311
538,557
2387,197
1151,127
891,1270
1097,2754
1761,1983
1597,271
272,2194
1960,2083
2810,1823
1284,1415
2449,1090
761,461
741,805
770,2739
418,434
1184,523
59,1991
2541,1862
2537,622
1122,1343
312,331
1480,2201
1242,2506
2397,1278
2128,1954
2475,2679
2810,2719
320,2735
1490,958
2819,813
2137,702
2130,2092
2409,1719
1724,1022
696,2399
2124,1959
1165,1295
2307,2311
541,2453
1276,839
629,679
1026,1903
2417,2373
1392,1258
1698,1718
2153,1668
1275,1133
1784,235
72,169
1163,271
2430,2423
216,447
1227,247
862,1023
755,318
304,310
1541,1263
105,30
1489,1555
792,735
2611,1143
1516,397
1880,2028
2843,2811
425,2482
2724,551
649,219
984,714
1642,2635
1393,770
1209,1074
1250,2662
2154,2563
1536,234
2001,1550
0,1104
824,855
1981,1910
488,490
625,2486
809,1450
2423,247
805,2878
1905,1901
1547,1998
916,2286
1748,493
188,189
1269,1095
2160,679
1721,2182
196,197
1120,1350
193,2877
665,980
497,1159
692,1709
2432,2448
153,663
1555,1150
1484,1502
285,437
865,834
1538,1548
1040,1031
1025,2773
1139,2451
986,1677
2192,491
2507,2358
1705,1778
2562,2085
257,306
978,2514
697,175
2696,1299
881,882
2089,390
597,1246
1646,2567
1259,1343
1065,1419
2554,2579
2052,1671
145,2
810,1331
196,2390
286,102
938,931
1602,1733
721,453
722,439
1051,2027
1891,1757
148,2269
2554,2228
2385,421
106,357
296,633
933,2631
611,519
107,179
144,238
2235,2263
2003,2004
1696,1916
2362,2388
528,2244
2058,1247
1897,2606
410,1282
2424,1457
2634,1035
1794,2277
2145,1231
2320,1590
1939,1995
1058,1820
2705,2158
547,484
1721,1769
528,283
2784,173
427,1747
389,1350
1472,1573
1381,1230
2049,2380
2196,2838
1076,919
475,2638
2804,2694
1554,2834
1696,2063
403,2173
2081,1413
1842,1947
1961,503
274,605
1816,2012
1749,1886
1459,1788
742,551
112,2074
2289,2202
2529,2028
2161,1459
2371,2447
1385,839
2825,246
2115,2087
2764,1839
2808,2299
2684,2036
2549,2438
1124,4
880,1352
2386,652
851,2694
625,2466
144,292
1563,2735
2608,2525
1096,2640
1398,1238
1329,2409
1897,1178
2729,1371
376,268
1672,1522
769,2071
2339,2259
37,38
549,846
1844,1495
2097,1413
730,789
2508,140
1210,367
1394,1487
428,1014
226,2822
41,2487
1488,483
450,1751
2363,2303
718,518
2845,1726
1074,119
323,995
2625,1466
881,878
1114,1420
1438,1439
1228,1413
736,836
529,302
1987,956
978,1003
682,2762
2017,1626
1105,1068
1692,1109
1501,1175
1176,941
427,1405
2394,2789
1496,1316
2545,2508
1912,187
1140,781
1880,1995
35,2045
842,695
1497,845
784,596
2553,2796
482,594
2681,1301
1848,2202
1890,1413
1707,1525
377,1438
2600,2880
2384,1207
752,542
354,1302
2833,2865
2312,2418
1328,246
1907,1815
1460,1830
150,46
612,1422
377,642
2457,1781
1796,294
2167,1327
1363,198
2212,2239
1701,1799
416,591
2802,2795
1856,2122
1362,1762
2758,2703
1043,2527
2201,916
1523,1038
259,1884
1840,364
417,665
2601,260
2478,2102
1520,1077
2521,2518
2632,933
379,371
2205,1799
1306,1333
2256,2257
1176,1290
912,1963
1393,1426
2691,2366
1704,2661
1765,2303
1865,1866
129,437
67,277
361,501
1805,7
584,1499
629,519
2570,2644
1864,2748
888,731
829,686
302,126
1562,1868
1329,2586
699,789
313,321
1128,1519
1833,2518
1830,934
89,113
113,2517
632,685
2197,2765
2800,2614
2380,1037
1795,1685
1985,685
1468,1071
1355,1406
1275,871
2658,2850
469,1751
1824,1330
2487,287
2680,2669
1627,1483
2160,1261
324,134
27,79
1848,1574
485,1397
2659,158
196,2439
2432,2258
2145,2657
51,1757
776,2832
2770,2348
2840,1166
1603,663
651,357
2617,2657
2393,2876
1298,1975
1173,2102
406,2199
1938,1533
1335,1095
210,533
2248,2560
1857,84
2216,2362
808,1794
1610,1589
1992,2169
497,662
2020,589
2716,2366
1497,1507
1989,1798
1712,2458
956,524
2313,2596
1418,1367
1817,363
2667,2518
1024,1108
2082,1319
417,66
310,471
2840,1227
672,701
849,2309
2658,1478
1353,1062
2123,2251
526,519
296,2272
108,341
2257,1619
2664,1010
1177,1030
1867,2069
2492,2404
2220,909
2042,1247
1776,1069
1140,726
968,943
1688,1772
1665,1689
956,502
1258,1402
2731,2469
2609,2739
1307,1156
1785,1596
2076,582
1000,2489
1122,878
2376,2522
378,469
1768,926
133,206
104,1167
2001,2097
772,727
1450,2706
2576,393
1141,1174
2192,1817
2578,103
661,839
538,237
1484,1397
1930,1215
1354,45
195,196
1058,695
578,571
2192,2288
513,2877
2482,2563
854,686
840,726
120,242
2857,678
2577,2518
230,55
1064,1266
1984,1964
1925,1639
1327,1223
619,2483
1232,942
48,20
1224,1405
240,314
1356,1367
586,2298
32,1853
1203,1286
754,779
2081,619
1665,893
1056,997
588,783
2164,2029
961,447
2720,1139
646,438
1810,1767
2678,1039
2584,2362
1505,1493
1324,1381
1208,802
1208,1298
2746,2828
296,1649
1050,654
1073,1228
1427,878
737,515
1390,1350
2516,1806
2089,1110
1021,2367
2454,159
76,158
1402,1156
2609,2510
1774,1182
92,229
8,10
2792,473
2741,2391
2408,2796
2372,1653
249,1295
2737,2534
1372,1006
1301,2205
1552,1577
177,2511
1172,1157
433,1961
712,262
324,133
745,725
2260,2366
1372,2109
2566,2751
960,2778
892,2783
2564,1214
345,1260
2737,2319
409,287
2789,1375
2507,1428
2384,2661
668,486
2146,2350
771,830
576,534
2674,1948
947,524
562,1451
2755,2837
1026,2357
1762,1542
761,1356
1090,1490
2284,2741
2129,2133
141,1325
2641,2156
84,2438
2024,2442
2575,455
1433,1371
37,230
1456,1862
2163,31
1460,1582
530,1135
1449,1498
2240,2302
2783,1127
1152,1577
1778,1972
2752,2765
2042,247
642,2310
8,9
360,198
980,2374
2070,1991
2642,1222
945,1345
1171,1085
2813,2190
776,2604
2529,2431
504,441
2058,182
1346,1221
1771,1815
2633,2278
552,474
1426,847
2421,1878
2548,639
92,61
2016,2335
456,1482
269,2199
1057,2844
1634,1429
1306,1350
1653,1559
1594,1483
1564,2190
2548,2503
22,151
723,2055
1800,1347
357,255
2867,2699
768,1465
1539,407
1208,1402
1109,1741
2579,2214
1344,2147
722,1506
2557,1094
1104,2541
1746,2635
1578,1957
2249,2746
181,159
1528,1478
2146,126
700,894
401,1462
1448,1810
1734,550
264,185
1016,999
624,1081
1993,2101
1488,1856
1128,1214
802,670
2290,2307
1605,2166
2121,1875
152,148
2321,1236
2682,2687
2008,2071
2413,2741
1953,2179
2392,1019
1636,2661
181,1422
169,255
2209,159
1286,1014
2499,895
497,2420
760,889
35,36
1760,2827
2377,2641
937,1516
820,846
1299,563
909,2309
381,55
2754,1222
633,2407
2377,2250
194,925
730,399
2448,988
1522,2405
2441,954
1395,1141
445,463
2275,2615
768,1466
594,2354
2288,1270
1097,2771
733,718
70,15
1331,422
1300,1263
1084,828
1072,2364
2774,2343
213,1151
2395,139
873,1533
1144,350
1770,579
1516,1838
2867,2022
1339,1828
689,164
506,2101
1560,1310
1814,398
2507,829
104,507
1143,871
2274,2612
2379,2247
233,258
2824,1309
1753,1629
2284,663
22,7
595,1093
410,1295
2499,998
1993,2012
986,1701
2809,2227
981,2829
1417,1402
985,1082
2657,2543
1321,1417
1648,1585
2840,1342
2147,1389
1788,1855
1521,2708
13,150
1611,1797
2528,890
408,2021
1762,2389
1612,1607
2500,1708
472,406
664,701
2392,2402
1074,1027
2289,2375
1122,1340
1386,1155
10,207
2409,306
2584,485
288,386
112,1248
219,78
2289,2247
801,2613
1875,2259
2105,1327
2113,2082
2013,1623
203,1935
2523,1173
2494,1622
1872,1031
1755,1981
438,86
1044,759
573,2143
1562,1438
2439,455
1880,745
1073,1659
836,823
1590,1518
625,818
696,762
505,1377
2634,1062
2664,2832
2128,1929
2131,1670
2505,1115
289,18
2664,1276
1896,1842
2044,823
2044,1741
2744,1946
2206,422
218,318
723,1173
16,1635
1914,2111
2121,1430
968,1145
2361,1406
2387,2246
1601,1502
2651,2318
736,558
2478,2767
2761,1127
948,1741
1528,1773
1376,1875
2209,1450
1698,1893
778,631
2344,2374
410,747
1966,2399
2678,518
1740,1997
8,286
1634,1747
2769,2821
2379,2123
1754,220
771,550
2827,1597
2330,2533
428,124
171,246
2537,2676
1408,1321
1472,1611
96,455
515,1061
145,509
100,134
1584,2587
592,1054
394,2110
2690,2375
77,293
825,477
2305,1354
2640,236
737,1333
905,1420
1104,1343
1131,1043
1363,1391
2113,1949
2602,2603
1305,154
934,2807
2153,866
766,1447
2153,867
2605,670
2641,2869
417,2078
425,167
1858,991
274,211
2440,870
670,479
1556,1461
2186,2029
2128,469
739,741
2297,2547
436,285
1682,1754
2441,1717
225,1020
1480,122
1155,2284
0,1488
1045,399
2715,2549
442,690
2752,14
1257,2582
299,2271
2826,2292
2296,2268
2334,1455
443,109
2528,2198
1564,1007
2374,1358
313,221
713,2483
571,364
811,767
2632,2737
1963,1358
1049,1863
1268,535
609,2081
1067,2229
1563,1868
1804,1886
2225,380
972,1070
1877,143
2787,1045
2561,331
2322,2434
1148,2742
1003,2846
1601,1693
584,2271
1016,1325
804,1333
1845,1823
2662,2606
1642,1659
1541,2310
45,302
1709,1423
2869,1326
1481,2133
330,2322
2184,2507
2816,2339
2628,2084
904,2751
2464,202
2552,267
709,789
2637,1215
2073,948
1488,1630
750,719
1860,1566
609,1710
819,2660
88,1702
2808,559
906,963
1808,2522
1137,2044
406,1151
1906,1565
1715,1678
2617,964
2123,2179
491,862
253,2503
121,15
264,284
1268,871
1386,1379
425,300
1753,340
34,171
196,437
185,211
833,1773
2658,2619
1544,523
345,2570
1225,892
2424,22
1416,1382
2690,2247
1901,2078
1532,1831
29,1606
540,1318
2761,2515
65,156
1129,365
345,2700
236,246
1821,2230
897,1971
24,911
931,101
128,304
1785,2708
2432,2580
2822,887
881,1169
2549,2839
564,685
626,2156
709,853
2145,77
1245,1517
1706,1679
573,1789
29,2294
1720,2117
1289,23
1192,423
2797,894
66,76
1947,1703
270,110
265,435
2417,1676
2816,2515
1041,1238
2832,753
2192,2038
1033,1026
2724,182
2010,1598
227,165
2720,2737
2225,119
2444,2382
1112,674
1807,1327
1546,1435
1371,1374
2505,2339
906,1085
1571,1997
1428,2119
2142,1574
2460,1397
1485,2119
2311,1687
1568,1890
1740,1301
2688,1443
2768,2449
801,683
1555,1878
1373,2638
2314,483
2558,2775
186,2357
2821,2215
2109,535
2606,1727
2483,2036
754,627
753,549
2566,2534
2130,2133
219,963
2704,1545
88,2669
580,629
272,338
1232,571
2352,2085
2553,2061
2536,1284
2182,1743
1496,1521
133,1357
2265,2838
723,398
2226,595
928,1122
193,180
960,355
850,823
2056,1821
1939,1782
2744,2482
2406,2198
1556,1558
1404,2095
2414,1222
2588,2246
19,29
536,2318
1310,1623
2336,162
2360,961
858,867
2089,2185
969,1122
856,796
2236,831
705,702
1694,2231
2761,2732
2272,1164
608,2075
1469,2263
2108,1917
673,515
837,598
2152,2092
2523,2731
360,2794
758,1703
1385,1259
2088,2047
2575,607
2640,1535
2713,303
2574,2439
1808,1817
1176,2578
1841,2798
2841,2027
1233,2783
1496,84
2033,1191
1060,87
801,1289
1818,1549
501,2694
1448,1134
712,2165
2859,2771
1378,742
2544,1882
456,2371
724,2183
267,708
2316,988
258,212
2009,2399
920,1430
2088,1231
2306,1334
1329,1156
2824,487
1037,1205
2334,1374
2611,2359
81,4
2132,1708
2250,1780
226,2566
1761,1873
56,1145
2563,900
1049,1163
2352,979
771,2247
1898,1467
821,679
957,1670
2328,2340
241,220
1859,1995
1466,2804
513,1434
2810,2347
2116,1655
1093,1133
748,741
456,2870
2338,2562
1214,2335
1360,874
2784,1094
945,1362
728,749
2379,2523
1402,2567
443,268
4,85
1953,2030
288,994
2387,2460
1074,2391
2857,791
1485,1565
1428,2277
522,523
826,733
449,1591
2012,885
2545,2755
2321,1397
1168,853
1498,940
577,2420
2536,2373
1744,1595
2774,703
1942,1886
1522,1459
2552,1299
528,222
544,2098
274,59
1466,276
129,275
193,255
1138,2796
2635,2334
2445,86
458,459
1643,1251
1933,1934
1600,2266
91,470
316,718
291,164
809,852
1003,2693
954,1965
720,1264
25,110
2160,1789
1072,930
2696,2815
2256,2684
1149,2863
2801,2716
1467,1531
2696,921
2505,2050
2689,2825
681,666
2768,2354
1783,911
690,981
2240,934
1042,606
2337,2873
2785,2686
1396,2822
2202,2215
1046,2311
2466,2471
256,492
178,99
2324,197
907,1100
76,1215
1154,1612
1202,1908
2466,307
269,901
1210,2487
1921,1154
1410,2287
2280,681
512,949
2256,1142
272,546
2593,2614
2196,2188
1980,1598
113,1290
841,799
1581,1543
1426,1683
2840,2306
2434,2690
1347,487
529,1884
2216,1585
337,371
2290,1046
2296,339
2649,2595
990,935
666,644
2497,189
531,430
1052,948
2813,126
51,1804
66,1365
772,662
2209,810
1745,1309
2130,1843
865,550
1338,1300
2640,818
2344,412
1370,1571
1964,1951
2413,2543
1020,1397
2729,1739
250,2405
1573,1943
2069,774
2249,2215
2584,1118
970,1005
2540,101
2546,2651
868,757
321,283
176,402
2177,2130
1057,2479
929,2262
96,1593
1689,583
1331,398
859,1407
2128,2077
2000,2437
2144,2419
1338,2851
1229,1470
216,2465
739,661
1017,591
267,2141
1024,1363
1680,2858
1449,1492
131,237
1076,277
2014,1687
1516,68
2128,2006
497,412
2560,2579
2681,770
2138,1958
1162,1483
1572,638
2145,1898
720,333
1370,1229
1811,27
2240,2241
521,1203
1403,247
430,2015
2275,2212
464,231
1944,421
2011,1791
2545,573
1763,990
2042,1063
1168,2110
1445,1511
1368,500
1218,1963
404,262
114,1285
527,519
1364,1485
1134,607
2521,566
1482,2266
432,833
2368,2612
835,771
2232,2761
2009,2079
2756,271
913,670
306,1683
2595,1932
2820,2878
1610,1770
717,2191
1946,2012
2865,934
1232,1268
2060,2039
1408,1616
642,690
325,2271
2064,167
1178,1142
574,1335
13,238
101,1447
1048,2631
208,1879
104,2776
1921,1450
824,602
1130,1309
1009,2402
448,2868
2732,2701
1841,1279
2322,2386
1416,1267
781,710
1528,1734
2456,2035
685,1407
2875,2556
2561,2663
112,1110
2411,533
1563,195
1169,579
562,2660
2729,477
1636,1983
1505,1889
1312,129
1387,1203
772,701
1210,196
2217,1930
1793,2084
2756,174
1818,1925
2544,2689
1832,2758
2874,1141
2330,860
1704,2279
1137,2709
833,748
1994,2124
40,41
1416,1418
464,1799
169,605
1752,937
1000,1632
1001,2146
800,789
2091,1653
1325,1925
648,886
2363,2406
2285,2855
259,1623
1014,1007
1545,1502
2171,1870
40,1884
1296,1041
2053,1790
1736,2692
2500,1078
90,194
665,2678
2252,2199
2075,1988
2590,2271
1701,1893
642,956
2587,2462
442,197
147,743
2012,798
970,1572
890,909
259,1398
2714,2452
268,214
1354,1414
1394,398
2261,2383
1792,1556
1905,196
601,2278
2016,2020
755,533
2457,1270
432,1345
2393,1250
2553,725
867,726
67,15
2346,2011
1800,2002
1329,1365
2060,365
579,541
1922,1223
297,915
1843,2108
1489,2164
2056,1993
1838,1662
265,283
2296,2265
524,342
971,1606
2771,1853
1536,2183
586,558
333,1695
235,87
523,1515
2699,1823
209,1219
1478,1479
2161,1611
673,729
939,1718
664,450
1601,1486
1216,966
2512,1094
123,109
1518,1502
1352,2089
2537,549
2304,2434
179,252
2771,2526
1688,1477
1344,2341
501,862
1953,167
1312,2603
818,461
136,1562
1988,1103
2044,940
829,1254
1569,1077
430,495
345,701
505,1347
2320,1084
2334,271
2129,1870
1201,2010
2831,2647
90,148
1584,2044
297,78
420,276
1259,1270
1384,2398
664,727
707,1966
2019,758
1554,2406
656,1535
2034,1731
2363,589
1361,2497
882,883
120,2387
1808,1948
678,166
2704,1055
666,374
1217,951
220,1791
2784,2713
137,331
2864,501
60,1534
2842,1302
848,799
1029,2182
779,669
746,1077
2119,1335
553,1842
121,77
1272,1390
2819,1127
840,2458
1304,2162
42,1149
1152,745
364,2877
769,834
2118,2567
808,2008
344,377
1689,1077
1345,102
1449,1548
1928,1518
2773,2702
1276,518
2642,2102
728,794
1347,270
2074,382
2412,2252
1219,974
1083,2286
1780,1645
2858,2606
1688,1595
2482,676
2117,2030
155,605
1531,1206
1146,2500
793,682
1249,1541
1410,1431
2756,685
1760,1557
2072,1289
1216,1062
1291,732
392,816
771,710
19,28
772,2159
2554,2196
1804,1934
1792,2126
1531,1700
1512,2300
1219,1774
48,191
832,1708
1617,294
1153,947
2547,2780
1832,396
2363,1005
1436,2206
1522,1798
1722,2125
